--
-- PostgreSQL database dump
--

-- Dumped from database version 14.4
-- Dumped by pg_dump version 15.2

-- Started on 2024-01-16 19:31:22

SET statement_timeout = 0;
SET lock_timeout = 0;
SET idle_in_transaction_session_timeout = 0;
SET client_encoding = 'UTF8';
SET standard_conforming_strings = on;
SELECT pg_catalog.set_config('search_path', '', false);
SET check_function_bodies = false;
SET xmloption = content;
SET client_min_messages = warning;
SET row_security = off;


-- TOC entry 4 (class 2615 OID 2200)
-- Name: public; Type: SCHEMA; Schema: -; Owner: postgres
--

-- *not* creating schema, since initdb creates it


ALTER SCHEMA public OWNER TO postgres;

SET default_tablespace = '';

SET default_table_access_method = heap;

--
-- TOC entry 216 (class 1259 OID 16894)
-- Name: auth_group; Type: TABLE; Schema: public; Owner: postgres
--

CREATE TABLE public.auth_group (
    id integer NOT NULL,
    name character varying(150) NOT NULL
);


ALTER TABLE public.auth_group OWNER TO postgres;

--
-- TOC entry 215 (class 1259 OID 16893)
-- Name: auth_group_id_seq; Type: SEQUENCE; Schema: public; Owner: postgres
--

ALTER TABLE public.auth_group ALTER COLUMN id ADD GENERATED BY DEFAULT AS IDENTITY (
    SEQUENCE NAME public.auth_group_id_seq
    START WITH 1
    INCREMENT BY 1
    NO MINVALUE
    NO MAXVALUE
    CACHE 1
);


--
-- TOC entry 218 (class 1259 OID 16902)
-- Name: auth_group_permissions; Type: TABLE; Schema: public; Owner: postgres
--

CREATE TABLE public.auth_group_permissions (
    id bigint NOT NULL,
    group_id integer NOT NULL,
    permission_id integer NOT NULL
);


ALTER TABLE public.auth_group_permissions OWNER TO postgres;

--
-- TOC entry 217 (class 1259 OID 16901)
-- Name: auth_group_permissions_id_seq; Type: SEQUENCE; Schema: public; Owner: postgres
--

ALTER TABLE public.auth_group_permissions ALTER COLUMN id ADD GENERATED BY DEFAULT AS IDENTITY (
    SEQUENCE NAME public.auth_group_permissions_id_seq
    START WITH 1
    INCREMENT BY 1
    NO MINVALUE
    NO MAXVALUE
    CACHE 1
);


--
-- TOC entry 214 (class 1259 OID 16888)
-- Name: auth_permission; Type: TABLE; Schema: public; Owner: postgres
--

CREATE TABLE public.auth_permission (
    id integer NOT NULL,
    name character varying(255) NOT NULL,
    content_type_id integer NOT NULL,
    codename character varying(100) NOT NULL
);


ALTER TABLE public.auth_permission OWNER TO postgres;

--
-- TOC entry 213 (class 1259 OID 16887)
-- Name: auth_permission_id_seq; Type: SEQUENCE; Schema: public; Owner: postgres
--

ALTER TABLE public.auth_permission ALTER COLUMN id ADD GENERATED BY DEFAULT AS IDENTITY (
    SEQUENCE NAME public.auth_permission_id_seq
    START WITH 1
    INCREMENT BY 1
    NO MINVALUE
    NO MAXVALUE
    CACHE 1
);


--
-- TOC entry 220 (class 1259 OID 16908)
-- Name: auth_user; Type: TABLE; Schema: public; Owner: postgres
--

CREATE TABLE public.auth_user (
    id integer NOT NULL,
    password character varying(128) NOT NULL,
    last_login timestamp with time zone,
    is_superuser boolean NOT NULL,
    username character varying(150) NOT NULL,
    first_name character varying(150) NOT NULL,
    last_name character varying(150) NOT NULL,
    email character varying(254) NOT NULL,
    is_staff boolean NOT NULL,
    is_active boolean NOT NULL,
    date_joined timestamp with time zone NOT NULL
);


ALTER TABLE public.auth_user OWNER TO postgres;

--
-- TOC entry 222 (class 1259 OID 16916)
-- Name: auth_user_groups; Type: TABLE; Schema: public; Owner: postgres
--

CREATE TABLE public.auth_user_groups (
    id bigint NOT NULL,
    user_id integer NOT NULL,
    group_id integer NOT NULL
);


ALTER TABLE public.auth_user_groups OWNER TO postgres;

--
-- TOC entry 221 (class 1259 OID 16915)
-- Name: auth_user_groups_id_seq; Type: SEQUENCE; Schema: public; Owner: postgres
--

ALTER TABLE public.auth_user_groups ALTER COLUMN id ADD GENERATED BY DEFAULT AS IDENTITY (
    SEQUENCE NAME public.auth_user_groups_id_seq
    START WITH 1
    INCREMENT BY 1
    NO MINVALUE
    NO MAXVALUE
    CACHE 1
);


--
-- TOC entry 219 (class 1259 OID 16907)
-- Name: auth_user_id_seq; Type: SEQUENCE; Schema: public; Owner: postgres
--

ALTER TABLE public.auth_user ALTER COLUMN id ADD GENERATED BY DEFAULT AS IDENTITY (
    SEQUENCE NAME public.auth_user_id_seq
    START WITH 1
    INCREMENT BY 1
    NO MINVALUE
    NO MAXVALUE
    CACHE 1
);


--
-- TOC entry 224 (class 1259 OID 16922)
-- Name: auth_user_user_permissions; Type: TABLE; Schema: public; Owner: postgres
--

CREATE TABLE public.auth_user_user_permissions (
    id bigint NOT NULL,
    user_id integer NOT NULL,
    permission_id integer NOT NULL
);


ALTER TABLE public.auth_user_user_permissions OWNER TO postgres;

--
-- TOC entry 223 (class 1259 OID 16921)
-- Name: auth_user_user_permissions_id_seq; Type: SEQUENCE; Schema: public; Owner: postgres
--

ALTER TABLE public.auth_user_user_permissions ALTER COLUMN id ADD GENERATED BY DEFAULT AS IDENTITY (
    SEQUENCE NAME public.auth_user_user_permissions_id_seq
    START WITH 1
    INCREMENT BY 1
    NO MINVALUE
    NO MAXVALUE
    CACHE 1
);


--
-- TOC entry 226 (class 1259 OID 16980)
-- Name: django_admin_log; Type: TABLE; Schema: public; Owner: postgres
--

CREATE TABLE public.django_admin_log (
    id integer NOT NULL,
    action_time timestamp with time zone NOT NULL,
    object_id text,
    object_repr character varying(200) NOT NULL,
    action_flag smallint NOT NULL,
    change_message text NOT NULL,
    content_type_id integer,
    user_id integer NOT NULL,
    CONSTRAINT django_admin_log_action_flag_check CHECK ((action_flag >= 0))
);


ALTER TABLE public.django_admin_log OWNER TO postgres;

--
-- TOC entry 225 (class 1259 OID 16979)
-- Name: django_admin_log_id_seq; Type: SEQUENCE; Schema: public; Owner: postgres
--

ALTER TABLE public.django_admin_log ALTER COLUMN id ADD GENERATED BY DEFAULT AS IDENTITY (
    SEQUENCE NAME public.django_admin_log_id_seq
    START WITH 1
    INCREMENT BY 1
    NO MINVALUE
    NO MAXVALUE
    CACHE 1
);


--
-- TOC entry 212 (class 1259 OID 16880)
-- Name: django_content_type; Type: TABLE; Schema: public; Owner: postgres
--

CREATE TABLE public.django_content_type (
    id integer NOT NULL,
    app_label character varying(100) NOT NULL,
    model character varying(100) NOT NULL
);


ALTER TABLE public.django_content_type OWNER TO postgres;

--
-- TOC entry 211 (class 1259 OID 16879)
-- Name: django_content_type_id_seq; Type: SEQUENCE; Schema: public; Owner: postgres
--

ALTER TABLE public.django_content_type ALTER COLUMN id ADD GENERATED BY DEFAULT AS IDENTITY (
    SEQUENCE NAME public.django_content_type_id_seq
    START WITH 1
    INCREMENT BY 1
    NO MINVALUE
    NO MAXVALUE
    CACHE 1
);


--
-- TOC entry 210 (class 1259 OID 16872)
-- Name: django_migrations; Type: TABLE; Schema: public; Owner: postgres
--

CREATE TABLE public.django_migrations (
    id bigint NOT NULL,
    app character varying(255) NOT NULL,
    name character varying(255) NOT NULL,
    applied timestamp with time zone NOT NULL
);


ALTER TABLE public.django_migrations OWNER TO postgres;

--
-- TOC entry 209 (class 1259 OID 16871)
-- Name: django_migrations_id_seq; Type: SEQUENCE; Schema: public; Owner: postgres
--

ALTER TABLE public.django_migrations ALTER COLUMN id ADD GENERATED BY DEFAULT AS IDENTITY (
    SEQUENCE NAME public.django_migrations_id_seq
    START WITH 1
    INCREMENT BY 1
    NO MINVALUE
    NO MAXVALUE
    CACHE 1
);


--
-- TOC entry 237 (class 1259 OID 17074)
-- Name: django_session; Type: TABLE; Schema: public; Owner: postgres
--

CREATE TABLE public.django_session (
    session_key character varying(40) NOT NULL,
    session_data text NOT NULL,
    expire_date timestamp with time zone NOT NULL
);


ALTER TABLE public.django_session OWNER TO postgres;

--
-- TOC entry 234 (class 1259 OID 17047)
-- Name: orders_order; Type: TABLE; Schema: public; Owner: postgres
--

CREATE TABLE public.orders_order (
    id bigint NOT NULL,
    first_name character varying(50) NOT NULL,
    last_name character varying(50) NOT NULL,
    email character varying(254) NOT NULL,
    address character varying(250) NOT NULL,
    city character varying(100) NOT NULL,
    created timestamp with time zone NOT NULL,
    updated timestamp with time zone NOT NULL,
    paid boolean NOT NULL,
    phone character varying(17) NOT NULL
);


ALTER TABLE public.orders_order OWNER TO postgres;

--
-- TOC entry 233 (class 1259 OID 17046)
-- Name: orders_order_id_seq; Type: SEQUENCE; Schema: public; Owner: postgres
--

ALTER TABLE public.orders_order ALTER COLUMN id ADD GENERATED BY DEFAULT AS IDENTITY (
    SEQUENCE NAME public.orders_order_id_seq
    START WITH 1
    INCREMENT BY 1
    NO MINVALUE
    NO MAXVALUE
    CACHE 1
);


--
-- TOC entry 236 (class 1259 OID 17055)
-- Name: orders_orderitem; Type: TABLE; Schema: public; Owner: postgres
--

CREATE TABLE public.orders_orderitem (
    id bigint NOT NULL,
    price numeric(10,2) NOT NULL,
    quantity integer NOT NULL,
    order_id bigint NOT NULL,
    product_id bigint NOT NULL,
    CONSTRAINT orders_orderitem_quantity_check CHECK ((quantity >= 0))
);


ALTER TABLE public.orders_orderitem OWNER TO postgres;

--
-- TOC entry 235 (class 1259 OID 17054)
-- Name: orders_orderitem_id_seq; Type: SEQUENCE; Schema: public; Owner: postgres
--

ALTER TABLE public.orders_orderitem ALTER COLUMN id ADD GENERATED BY DEFAULT AS IDENTITY (
    SEQUENCE NAME public.orders_orderitem_id_seq
    START WITH 1
    INCREMENT BY 1
    NO MINVALUE
    NO MAXVALUE
    CACHE 1
);


--
-- TOC entry 232 (class 1259 OID 17025)
-- Name: shop_features; Type: TABLE; Schema: public; Owner: postgres
--

CREATE TABLE public.shop_features (
    id bigint NOT NULL,
    mechanism_type character varying(155) NOT NULL,
    waterproof character varying(50) NOT NULL,
    weight integer NOT NULL,
    dimensions character varying(50) NOT NULL,
    date_display character varying(50) NOT NULL,
    dial character varying(100) NOT NULL,
    case_material character varying(50) NOT NULL,
    bracelet_material character varying(50) NOT NULL,
    glass character varying(20) NOT NULL,
    product_id bigint NOT NULL
);


ALTER TABLE public.shop_features OWNER TO postgres;

--
-- TOC entry 231 (class 1259 OID 17024)
-- Name: shop_features_id_seq; Type: SEQUENCE; Schema: public; Owner: postgres
--

ALTER TABLE public.shop_features ALTER COLUMN id ADD GENERATED BY DEFAULT AS IDENTITY (
    SEQUENCE NAME public.shop_features_id_seq
    START WITH 1
    INCREMENT BY 1
    NO MINVALUE
    NO MAXVALUE
    CACHE 1
);


--
-- TOC entry 228 (class 1259 OID 17009)
-- Name: shop_manufacture; Type: TABLE; Schema: public; Owner: postgres
--

CREATE TABLE public.shop_manufacture (
    id bigint NOT NULL,
    brand character varying(50) NOT NULL,
    country character varying(20) NOT NULL,
    description text NOT NULL,
    image character varying(100) NOT NULL,
    image_brand character varying(100) NOT NULL
);


ALTER TABLE public.shop_manufacture OWNER TO postgres;

--
-- TOC entry 227 (class 1259 OID 17008)
-- Name: shop_manufacture_id_seq; Type: SEQUENCE; Schema: public; Owner: postgres
--

ALTER TABLE public.shop_manufacture ALTER COLUMN id ADD GENERATED BY DEFAULT AS IDENTITY (
    SEQUENCE NAME public.shop_manufacture_id_seq
    START WITH 1
    INCREMENT BY 1
    NO MINVALUE
    NO MAXVALUE
    CACHE 1
);


--
-- TOC entry 230 (class 1259 OID 17017)
-- Name: shop_product; Type: TABLE; Schema: public; Owner: postgres
--

CREATE TABLE public.shop_product (
    id bigint NOT NULL,
    model character varying(50) NOT NULL,
    description text NOT NULL,
    price numeric(10,2) NOT NULL,
    image character varying(100) NOT NULL,
    quantity integer NOT NULL,
    collection character varying(50) NOT NULL,
    date date NOT NULL,
    manufacture_id bigint NOT NULL
);


ALTER TABLE public.shop_product OWNER TO postgres;

--
-- TOC entry 229 (class 1259 OID 17016)
-- Name: shop_product_id_seq; Type: SEQUENCE; Schema: public; Owner: postgres
--

ALTER TABLE public.shop_product ALTER COLUMN id ADD GENERATED BY DEFAULT AS IDENTITY (
    SEQUENCE NAME public.shop_product_id_seq
    START WITH 1
    INCREMENT BY 1
    NO MINVALUE
    NO MAXVALUE
    CACHE 1
);


--
-- TOC entry 239 (class 1259 OID 17084)
-- Name: users_profile; Type: TABLE; Schema: public; Owner: postgres
--

CREATE TABLE public.users_profile (
    id bigint NOT NULL,
    image character varying(100),
    user_id integer NOT NULL
);


ALTER TABLE public.users_profile OWNER TO postgres;

--
-- TOC entry 238 (class 1259 OID 17083)
-- Name: users_profile_id_seq; Type: SEQUENCE; Schema: public; Owner: postgres
--

ALTER TABLE public.users_profile ALTER COLUMN id ADD GENERATED BY DEFAULT AS IDENTITY (
    SEQUENCE NAME public.users_profile_id_seq
    START WITH 1
    INCREMENT BY 1
    NO MINVALUE
    NO MAXVALUE
    CACHE 1
);


--
-- TOC entry 3465 (class 0 OID 16894)
-- Dependencies: 216
-- Data for Name: auth_group; Type: TABLE DATA; Schema: public; Owner: postgres
--



--
-- TOC entry 3467 (class 0 OID 16902)
-- Dependencies: 218
-- Data for Name: auth_group_permissions; Type: TABLE DATA; Schema: public; Owner: postgres
--



--
-- TOC entry 3463 (class 0 OID 16888)
-- Dependencies: 214
-- Data for Name: auth_permission; Type: TABLE DATA; Schema: public; Owner: postgres
--

INSERT INTO public.auth_permission (id, name, content_type_id, codename) VALUES (1, 'Can add profile', 1, 'add_profile');
INSERT INTO public.auth_permission (id, name, content_type_id, codename) VALUES (2, 'Can change profile', 1, 'change_profile');
INSERT INTO public.auth_permission (id, name, content_type_id, codename) VALUES (3, 'Can delete profile', 1, 'delete_profile');
INSERT INTO public.auth_permission (id, name, content_type_id, codename) VALUES (4, 'Can view profile', 1, 'view_profile');
INSERT INTO public.auth_permission (id, name, content_type_id, codename) VALUES (5, 'Can add Заказ', 2, 'add_order');
INSERT INTO public.auth_permission (id, name, content_type_id, codename) VALUES (6, 'Can change Заказ', 2, 'change_order');
INSERT INTO public.auth_permission (id, name, content_type_id, codename) VALUES (7, 'Can delete Заказ', 2, 'delete_order');
INSERT INTO public.auth_permission (id, name, content_type_id, codename) VALUES (8, 'Can view Заказ', 2, 'view_order');
INSERT INTO public.auth_permission (id, name, content_type_id, codename) VALUES (9, 'Can add Объект заказа', 3, 'add_orderitem');
INSERT INTO public.auth_permission (id, name, content_type_id, codename) VALUES (10, 'Can change Объект заказа', 3, 'change_orderitem');
INSERT INTO public.auth_permission (id, name, content_type_id, codename) VALUES (11, 'Can delete Объект заказа', 3, 'delete_orderitem');
INSERT INTO public.auth_permission (id, name, content_type_id, codename) VALUES (12, 'Can view Объект заказа', 3, 'view_orderitem');
INSERT INTO public.auth_permission (id, name, content_type_id, codename) VALUES (13, 'Can add manufacture', 4, 'add_manufacture');
INSERT INTO public.auth_permission (id, name, content_type_id, codename) VALUES (14, 'Can change manufacture', 4, 'change_manufacture');
INSERT INTO public.auth_permission (id, name, content_type_id, codename) VALUES (15, 'Can delete manufacture', 4, 'delete_manufacture');
INSERT INTO public.auth_permission (id, name, content_type_id, codename) VALUES (16, 'Can view manufacture', 4, 'view_manufacture');
INSERT INTO public.auth_permission (id, name, content_type_id, codename) VALUES (17, 'Can add product', 5, 'add_product');
INSERT INTO public.auth_permission (id, name, content_type_id, codename) VALUES (18, 'Can change product', 5, 'change_product');
INSERT INTO public.auth_permission (id, name, content_type_id, codename) VALUES (19, 'Can delete product', 5, 'delete_product');
INSERT INTO public.auth_permission (id, name, content_type_id, codename) VALUES (20, 'Can view product', 5, 'view_product');
INSERT INTO public.auth_permission (id, name, content_type_id, codename) VALUES (21, 'Can add features', 6, 'add_features');
INSERT INTO public.auth_permission (id, name, content_type_id, codename) VALUES (22, 'Can change features', 6, 'change_features');
INSERT INTO public.auth_permission (id, name, content_type_id, codename) VALUES (23, 'Can delete features', 6, 'delete_features');
INSERT INTO public.auth_permission (id, name, content_type_id, codename) VALUES (24, 'Can view features', 6, 'view_features');
INSERT INTO public.auth_permission (id, name, content_type_id, codename) VALUES (25, 'Can add log entry', 7, 'add_logentry');
INSERT INTO public.auth_permission (id, name, content_type_id, codename) VALUES (26, 'Can change log entry', 7, 'change_logentry');
INSERT INTO public.auth_permission (id, name, content_type_id, codename) VALUES (27, 'Can delete log entry', 7, 'delete_logentry');
INSERT INTO public.auth_permission (id, name, content_type_id, codename) VALUES (28, 'Can view log entry', 7, 'view_logentry');
INSERT INTO public.auth_permission (id, name, content_type_id, codename) VALUES (29, 'Can add permission', 8, 'add_permission');
INSERT INTO public.auth_permission (id, name, content_type_id, codename) VALUES (30, 'Can change permission', 8, 'change_permission');
INSERT INTO public.auth_permission (id, name, content_type_id, codename) VALUES (31, 'Can delete permission', 8, 'delete_permission');
INSERT INTO public.auth_permission (id, name, content_type_id, codename) VALUES (32, 'Can view permission', 8, 'view_permission');
INSERT INTO public.auth_permission (id, name, content_type_id, codename) VALUES (33, 'Can add group', 9, 'add_group');
INSERT INTO public.auth_permission (id, name, content_type_id, codename) VALUES (34, 'Can change group', 9, 'change_group');
INSERT INTO public.auth_permission (id, name, content_type_id, codename) VALUES (35, 'Can delete group', 9, 'delete_group');
INSERT INTO public.auth_permission (id, name, content_type_id, codename) VALUES (36, 'Can view group', 9, 'view_group');
INSERT INTO public.auth_permission (id, name, content_type_id, codename) VALUES (37, 'Can add user', 10, 'add_user');
INSERT INTO public.auth_permission (id, name, content_type_id, codename) VALUES (38, 'Can change user', 10, 'change_user');
INSERT INTO public.auth_permission (id, name, content_type_id, codename) VALUES (39, 'Can delete user', 10, 'delete_user');
INSERT INTO public.auth_permission (id, name, content_type_id, codename) VALUES (40, 'Can view user', 10, 'view_user');
INSERT INTO public.auth_permission (id, name, content_type_id, codename) VALUES (41, 'Can add content type', 11, 'add_contenttype');
INSERT INTO public.auth_permission (id, name, content_type_id, codename) VALUES (42, 'Can change content type', 11, 'change_contenttype');
INSERT INTO public.auth_permission (id, name, content_type_id, codename) VALUES (43, 'Can delete content type', 11, 'delete_contenttype');
INSERT INTO public.auth_permission (id, name, content_type_id, codename) VALUES (44, 'Can view content type', 11, 'view_contenttype');
INSERT INTO public.auth_permission (id, name, content_type_id, codename) VALUES (45, 'Can add session', 12, 'add_session');
INSERT INTO public.auth_permission (id, name, content_type_id, codename) VALUES (46, 'Can change session', 12, 'change_session');
INSERT INTO public.auth_permission (id, name, content_type_id, codename) VALUES (47, 'Can delete session', 12, 'delete_session');
INSERT INTO public.auth_permission (id, name, content_type_id, codename) VALUES (48, 'Can view session', 12, 'view_session');


--
-- TOC entry 3469 (class 0 OID 16908)
-- Dependencies: 220
-- Data for Name: auth_user; Type: TABLE DATA; Schema: public; Owner: postgres
--

INSERT INTO public.auth_user (id, password, last_login, is_superuser, username, first_name, last_name, email, is_staff, is_active, date_joined) VALUES (1, 'pbkdf2_sha256$600000$RnfYFHkrN9KhcKBVrVrcQ9$to01P68PdmLGSuFPVSceuyP8FbVSMdQ25noGlYd3Gec=', '2024-01-14 18:22:41.728975+03', true, 'Dmitry', '', '', 'tyshkevich.dima@mail.ru', true, true, '2024-01-14 17:52:18.048336+03');
INSERT INTO public.auth_user (id, password, last_login, is_superuser, username, first_name, last_name, email, is_staff, is_active, date_joined) VALUES (2, 'pbkdf2_sha256$600000$tF4ohnZXmpVzatP5ICaQcs$ugY4DBF8qGe3DARl+xg06BXE/SOa8VfvH+NZmGVx/cE=', '2024-01-14 18:23:01.748186+03', false, 'tdm13y', 'Дмитрий', 'Тышкевич', 'tyshkevich.dima@mail.ru', false, true, '2024-01-14 17:56:59.463413+03');


--
-- TOC entry 3471 (class 0 OID 16916)
-- Dependencies: 222
-- Data for Name: auth_user_groups; Type: TABLE DATA; Schema: public; Owner: postgres
--



--
-- TOC entry 3473 (class 0 OID 16922)
-- Dependencies: 224
-- Data for Name: auth_user_user_permissions; Type: TABLE DATA; Schema: public; Owner: postgres
--



--
-- TOC entry 3475 (class 0 OID 16980)
-- Dependencies: 226
-- Data for Name: django_admin_log; Type: TABLE DATA; Schema: public; Owner: postgres
--



--
-- TOC entry 3461 (class 0 OID 16880)
-- Dependencies: 212
-- Data for Name: django_content_type; Type: TABLE DATA; Schema: public; Owner: postgres
--

INSERT INTO public.django_content_type (id, app_label, model) VALUES (1, 'users', 'profile');
INSERT INTO public.django_content_type (id, app_label, model) VALUES (2, 'orders', 'order');
INSERT INTO public.django_content_type (id, app_label, model) VALUES (3, 'orders', 'orderitem');
INSERT INTO public.django_content_type (id, app_label, model) VALUES (4, 'shop', 'manufacture');
INSERT INTO public.django_content_type (id, app_label, model) VALUES (5, 'shop', 'product');
INSERT INTO public.django_content_type (id, app_label, model) VALUES (6, 'shop', 'features');
INSERT INTO public.django_content_type (id, app_label, model) VALUES (7, 'admin', 'logentry');
INSERT INTO public.django_content_type (id, app_label, model) VALUES (8, 'auth', 'permission');
INSERT INTO public.django_content_type (id, app_label, model) VALUES (9, 'auth', 'group');
INSERT INTO public.django_content_type (id, app_label, model) VALUES (10, 'auth', 'user');
INSERT INTO public.django_content_type (id, app_label, model) VALUES (11, 'contenttypes', 'contenttype');
INSERT INTO public.django_content_type (id, app_label, model) VALUES (12, 'sessions', 'session');


--
-- TOC entry 3459 (class 0 OID 16872)
-- Dependencies: 210
-- Data for Name: django_migrations; Type: TABLE DATA; Schema: public; Owner: postgres
--

INSERT INTO public.django_migrations (id, app, name, applied) VALUES (1, 'contenttypes', '0001_initial', '2024-01-14 17:50:06.365618+03');
INSERT INTO public.django_migrations (id, app, name, applied) VALUES (2, 'auth', '0001_initial', '2024-01-14 17:50:06.51237+03');
INSERT INTO public.django_migrations (id, app, name, applied) VALUES (3, 'admin', '0001_initial', '2024-01-14 17:50:06.559214+03');
INSERT INTO public.django_migrations (id, app, name, applied) VALUES (4, 'admin', '0002_logentry_remove_auto_add', '2024-01-14 17:50:06.560951+03');
INSERT INTO public.django_migrations (id, app, name, applied) VALUES (5, 'admin', '0003_logentry_add_action_flag_choices', '2024-01-14 17:50:06.575834+03');
INSERT INTO public.django_migrations (id, app, name, applied) VALUES (6, 'contenttypes', '0002_remove_content_type_name', '2024-01-14 17:50:06.592713+03');
INSERT INTO public.django_migrations (id, app, name, applied) VALUES (7, 'auth', '0002_alter_permission_name_max_length', '2024-01-14 17:50:06.596855+03');
INSERT INTO public.django_migrations (id, app, name, applied) VALUES (8, 'auth', '0003_alter_user_email_max_length', '2024-01-14 17:50:06.596855+03');
INSERT INTO public.django_migrations (id, app, name, applied) VALUES (9, 'auth', '0004_alter_user_username_opts', '2024-01-14 17:50:06.613384+03');
INSERT INTO public.django_migrations (id, app, name, applied) VALUES (10, 'auth', '0005_alter_user_last_login_null', '2024-01-14 17:50:06.613384+03');
INSERT INTO public.django_migrations (id, app, name, applied) VALUES (11, 'auth', '0006_require_contenttypes_0002', '2024-01-14 17:50:06.613384+03');
INSERT INTO public.django_migrations (id, app, name, applied) VALUES (12, 'auth', '0007_alter_validators_add_error_messages', '2024-01-14 17:50:06.625873+03');
INSERT INTO public.django_migrations (id, app, name, applied) VALUES (13, 'auth', '0008_alter_user_username_max_length', '2024-01-14 17:50:06.648447+03');
INSERT INTO public.django_migrations (id, app, name, applied) VALUES (14, 'auth', '0009_alter_user_last_name_max_length', '2024-01-14 17:50:06.648447+03');
INSERT INTO public.django_migrations (id, app, name, applied) VALUES (15, 'auth', '0010_alter_group_name_max_length', '2024-01-14 17:50:06.65997+03');
INSERT INTO public.django_migrations (id, app, name, applied) VALUES (16, 'auth', '0011_update_proxy_permissions', '2024-01-14 17:50:06.65997+03');
INSERT INTO public.django_migrations (id, app, name, applied) VALUES (17, 'auth', '0012_alter_user_first_name_max_length', '2024-01-14 17:50:06.678432+03');
INSERT INTO public.django_migrations (id, app, name, applied) VALUES (18, 'shop', '0001_initial', '2024-01-14 17:50:06.726787+03');
INSERT INTO public.django_migrations (id, app, name, applied) VALUES (19, 'shop', '0002_alter_product_image', '2024-01-14 17:50:06.726787+03');
INSERT INTO public.django_migrations (id, app, name, applied) VALUES (20, 'shop', '0003_manufacture_image', '2024-01-14 17:50:06.74356+03');
INSERT INTO public.django_migrations (id, app, name, applied) VALUES (21, 'shop', '0004_manufacture_image_brand', '2024-01-14 17:50:06.74356+03');
INSERT INTO public.django_migrations (id, app, name, applied) VALUES (22, 'orders', '0001_initial', '2024-01-14 17:50:06.786544+03');
INSERT INTO public.django_migrations (id, app, name, applied) VALUES (23, 'orders', '0002_alter_orderitem_options_order_phone_and_more', '2024-01-14 17:50:06.802669+03');
INSERT INTO public.django_migrations (id, app, name, applied) VALUES (24, 'orders', '0003_alter_order_phone', '2024-01-14 17:50:06.810326+03');
INSERT INTO public.django_migrations (id, app, name, applied) VALUES (25, 'orders', '0004_alter_orderitem_options', '2024-01-14 17:50:06.812846+03');
INSERT INTO public.django_migrations (id, app, name, applied) VALUES (26, 'orders', '0005_alter_orderitem_order_alter_orderitem_product', '2024-01-14 17:50:06.826002+03');
INSERT INTO public.django_migrations (id, app, name, applied) VALUES (27, 'orders', '0006_alter_order_phone', '2024-01-14 17:50:06.82742+03');
INSERT INTO public.django_migrations (id, app, name, applied) VALUES (28, 'orders', '0007_alter_order_phone', '2024-01-14 17:50:06.82742+03');
INSERT INTO public.django_migrations (id, app, name, applied) VALUES (29, 'sessions', '0001_initial', '2024-01-14 17:50:06.843233+03');
INSERT INTO public.django_migrations (id, app, name, applied) VALUES (30, 'shop', '0005_alter_product_options_and_more', '2024-01-14 17:50:06.860656+03');
INSERT INTO public.django_migrations (id, app, name, applied) VALUES (31, 'shop', '0006_alter_product_options', '2024-01-14 17:50:06.860656+03');
INSERT INTO public.django_migrations (id, app, name, applied) VALUES (32, 'users', '0001_initial', '2024-01-14 17:50:06.88961+03');
INSERT INTO public.django_migrations (id, app, name, applied) VALUES (33, 'users', '0002_alter_profile_image', '2024-01-14 17:50:06.893719+03');
INSERT INTO public.django_migrations (id, app, name, applied) VALUES (34, 'users', '0003_alter_profile_image', '2024-01-14 17:50:06.905823+03');


--
-- TOC entry 3486 (class 0 OID 17074)
-- Dependencies: 237
-- Data for Name: django_session; Type: TABLE DATA; Schema: public; Owner: postgres
--

INSERT INTO public.django_session (session_key, session_data, expire_date) VALUES ('upn9cy16jpeeummvxe2d4eqo8hjjc1pu', '.eJxVjDsOwjAQBe_iGlnOxvGHkp4zWLveNQ4gR8qnQtwdIqWA9s3Me6mE21rTtsicRlZnBer0uxHmh7Qd8B3bbdJ5aus8kt4VfdBFXyeW5-Vw_w4qLvVb945thBBMCYRiAwJYx8ZRhBgG76X4QnlgkX4gMBmws4UDOmHbcSH1_gDcmThw:1rP2KD:CRG0wl4f4xm1bcHL37E3xsMC-d1CrPcjrWqDZ_Ti2SQ', '2024-01-28 18:23:01.748186+03');
INSERT INTO public.django_session (session_key, session_data, expire_date) VALUES ('uqpgwjkk625sp8u0sj8gz89y4ubwwlcj', '.eJxVjb0OgzAQg9_lZhSRhCQHY_c-A7r8lbRVaCEMFeLdCxJDu3iwP9sr9LSUoV_mMPXJQwccql_PknuEfAT-Tvk2MjfmMiXLDoSd6cyuow_Py8n-DQw0D3s7WmV59K2RUQmutVGCBMmayNlaoODUBNOgrJV3UuuoMSIqg0Ijad_iPupoKtCtoOSh74VySeUDHa_gNSUX9heNnAmEbdu--yFEsg:1rPl5c:NvPDNnLFJG-00E3B76q2yfk-xiMM4ub1JY7MafCTTic', '2024-01-30 18:10:56.801713+03');


--
-- TOC entry 3483 (class 0 OID 17047)
-- Dependencies: 234
-- Data for Name: orders_order; Type: TABLE DATA; Schema: public; Owner: postgres
--



--
-- TOC entry 3485 (class 0 OID 17055)
-- Dependencies: 236
-- Data for Name: orders_orderitem; Type: TABLE DATA; Schema: public; Owner: postgres
--



--
-- TOC entry 3481 (class 0 OID 17025)
-- Dependencies: 232
-- Data for Name: shop_features; Type: TABLE DATA; Schema: public; Owner: postgres
--

INSERT INTO public.shop_features (id, mechanism_type, waterproof, weight, dimensions, date_display, dial, case_material, bracelet_material, glass, product_id) VALUES (1, 'Механические с автоподзаводом', 'WR50 (5 атм)', 110, 'Ш40 x В40', 'нет', 'аналоговый (стрелки), формат 12 часов, секундная стрелка центральная', 'керамика', 'каучук', 'сапфировое', 1);
INSERT INTO public.shop_features (id, mechanism_type, waterproof, weight, dimensions, date_display, dial, case_material, bracelet_material, glass, product_id) VALUES (2, 'Механические с автоподзаводом', 'WR50 (5 атм)', 95, 'Ш45 x В45', 'число', 'аналоговый (стрелки), формат 12 часов, секундная стрелка смещенная', 'титан + золото', 'каучук', 'сапфировое', 2);
INSERT INTO public.shop_features (id, mechanism_type, waterproof, weight, dimensions, date_display, dial, case_material, bracelet_material, glass, product_id) VALUES (3, 'Механические с автоподзаводом', 'WR100 (10 атм)', 85, 'Ш42 x В42', 'нет', 'аналоговый (стрелки), формат 12 часов, секундная стрелка вынесена', 'розовое золото', 'розовое золото', 'сапфировое', 3);
INSERT INTO public.shop_features (id, mechanism_type, waterproof, weight, dimensions, date_display, dial, case_material, bracelet_material, glass, product_id) VALUES (4, 'Механические с автоподзаводом', 'WR100 (10 атм)', 120, 'Ш41 x В41 x Т14мм', 'число', 'аналоговый (стрелки), формат 12 часов, секундная стрелка смещенная', 'нержавеющая сталь + керамика', 'каучук', 'сапфировое', 4);
INSERT INTO public.shop_features (id, mechanism_type, waterproof, weight, dimensions, date_display, dial, case_material, bracelet_material, glass, product_id) VALUES (5, 'Механические с автоподзаводом', 'WR100 (10 атм)', 115, 'Ш44 x В44 x Т14.5мм', 'число', 'аналоговый (стрелки), формат 12 часов, секундная стрелка смещенная', 'керамика', 'кожаный ремешок', 'сапфировое', 5);
INSERT INTO public.shop_features (id, mechanism_type, waterproof, weight, dimensions, date_display, dial, case_material, bracelet_material, glass, product_id) VALUES (6, 'Кварцевые', 'WR100 (10 атм)', 150, 'Ш47 x В55 x Т10мм', 'число, день недели', 'аналоговый (стрелки), формат 12 часов, секундная стрелка центральна', 'нержавеющая сталь', 'нержавеющая сталь', 'сапфировое', 6);
INSERT INTO public.shop_features (id, mechanism_type, waterproof, weight, dimensions, date_display, dial, case_material, bracelet_material, glass, product_id) VALUES (7, 'Кварцевые', 'WR100 (10 атм)', 151, 'Ш45.8 x В48 x Т10.5мм', 'число', 'аналоговый (стрелки), формат 12 часов, секундная стрелка центральная', 'нержавеющая сталь', 'нержавеющая сталь', 'сапфировое', 7);
INSERT INTO public.shop_features (id, mechanism_type, waterproof, weight, dimensions, date_display, dial, case_material, bracelet_material, glass, product_id) VALUES (8, 'Кварцевые', 'WR100 (20 атм)', 64, 'Ш49 x В51 x Т14мм', 'число, месяц, день недели', 'аналоговый (стрелки) + цифровой (электронный), формат 12/24 часа, секундная стрелка отсутствует', 'карбон', 'пластик', 'минеральное', 8);
INSERT INTO public.shop_features (id, mechanism_type, waterproof, weight, dimensions, date_display, dial, case_material, bracelet_material, glass, product_id) VALUES (9, 'Кварцевые', 'WR100 (20 атм)', 51, 'Ш45.4 x В48.5 x Т11.8мм', 'день недели, число, вечный календарь, месяц', 'аналоговый + цифровой, формат 12/24 часа, секундная стрелка отсутствует', 'карбон', 'пластик', 'минеральное', 9);
INSERT INTO public.shop_features (id, mechanism_type, waterproof, weight, dimensions, date_display, dial, case_material, bracelet_material, glass, product_id) VALUES (10, 'Кварцевые', 'WR100 (10 атм)', 96, 'Ш57.5 x В50.8 x Т15.8мм', 'число, день недели, месяц, вечный календарь', 'аналоговый + цифровой, формат 12/24', 'полимерный пластик', 'титан + IP покрытие', 'минеральное', 10);
INSERT INTO public.shop_features (id, mechanism_type, waterproof, weight, dimensions, date_display, dial, case_material, bracelet_material, glass, product_id) VALUES (11, 'Кварцевые', 'WR300 (30 атм)', 150, 'Ш45.5 x В45.5 x Т12.8мм', 'число', 'аналоговый (стрелки), формат 12 часов, секундная стрелка центральна 3) аналоговый + цифровой', 'нержавеющая сталь', 'нержавеющая сталь', 'сапфировое', 11);
INSERT INTO public.shop_features (id, mechanism_type, waterproof, weight, dimensions, date_display, dial, case_material, bracelet_material, glass, product_id) VALUES (12, 'Кварцевые', 'WR30 (3 атм)', 125, 'Ш42 x В42 x Т7.5мм', 'число', 'Аналоговый, формат 12 часов, секундная стрелка центральная', 'нержавеющая сталь', 'нержавеющая сталь', 'сапфировое', 12);
INSERT INTO public.shop_features (id, mechanism_type, waterproof, weight, dimensions, date_display, dial, case_material, bracelet_material, glass, product_id) VALUES (13, 'Кварцевый с солнечной подзарядкой', 'WR100 (10 атм)', 79, 'Ш45 x В45 x Т13мм', 'число, день недели, месяц, вечный календарь, год', 'аналоговый + цифровой, формат 12 и 24 часа, секундная стрелка отсутствует', 'титан + PVD-покрытие', 'каучук', 'сапфирово', 13);
INSERT INTO public.shop_features (id, mechanism_type, waterproof, weight, dimensions, date_display, dial, case_material, bracelet_material, glass, product_id) VALUES (14, 'Кварцевые', 'WR50 (5 атм)', 52, 'Ш41 x В41 x Т10мм', 'число', 'аналоговый (стрелки), формат 12 часов, секундная стрелка центральная', 'нержавеющая сталь + PVD покрытие', 'кожаный ремешок', 'сапфировое', 14);
INSERT INTO public.shop_features (id, mechanism_type, waterproof, weight, dimensions, date_display, dial, case_material, bracelet_material, glass, product_id) VALUES (15, 'Механические с ручным заводом', 'WR30 (3 атм)', 78, 'Ш42.5 x В42.5 x Т11.57мм', 'нет', 'аналоговый (стрелки), формат 12 часов, секундная стрелка отсутствует', 'розовое золото', 'кожаный ремешок', 'сапфировое', 15);
INSERT INTO public.shop_features (id, mechanism_type, waterproof, weight, dimensions, date_display, dial, case_material, bracelet_material, glass, product_id) VALUES (16, 'Кварцевые', 'WR100 (10 атм)', 80, 'Ш42 x В45 x Т11.5мм', 'число', 'аналоговый (стрелки), формат 12 часов, секундная стрелка центральная', 'нержавеющая сталь', 'нержавеющая сталь', 'сапфировое', 16);
INSERT INTO public.shop_features (id, mechanism_type, waterproof, weight, dimensions, date_display, dial, case_material, bracelet_material, glass, product_id) VALUES (17, 'Кварцевые', 'WR100 (10 атм)', 98, 'Ш41 x В41', 'число', 'аналоговый, формат 12 часов, секундная стрелка центральная', 'нержавеющая сталь + PVD покрытие', 'нержавеющая сталь', 'сапфировое', 17);
INSERT INTO public.shop_features (id, mechanism_type, waterproof, weight, dimensions, date_display, dial, case_material, bracelet_material, glass, product_id) VALUES (18, 'Кварцевые', 'WR100 (10 атм)', 78, 'Ш41 x В41 x Т10мм', 'число', 'аналоговый (стрелки), формат 12 часов, секундная стрелка центральная', 'нержавеющая сталь', 'кожаный ремешок', 'сапфировое', 18);
INSERT INTO public.shop_features (id, mechanism_type, waterproof, weight, dimensions, date_display, dial, case_material, bracelet_material, glass, product_id) VALUES (19, 'Кварцевые', 'WR100 (10 атм)', 115, 'Ш42 x В42 x Т11.73мм', 'число', 'аналоговый (стрелки), формат 12 часов, секундная стрелка центральная', 'нержавеющая сталь', 'нержавеющая сталь', 'сапфировое', 19);
INSERT INTO public.shop_features (id, mechanism_type, waterproof, weight, dimensions, date_display, dial, case_material, bracelet_material, glass, product_id) VALUES (20, 'Кварцевые', 'WR330 (33 атм)', 123, 'Ш43 x В43', 'число', 'аналоговый (стрелки), формат 12/24 часов, секундная стрелка центральная', 'нержавеющая сталь', 'каучук', 'сапфировое', 20);
INSERT INTO public.shop_features (id, mechanism_type, waterproof, weight, dimensions, date_display, dial, case_material, bracelet_material, glass, product_id) VALUES (21, 'Механические с автоподзаводом', 'WR200 (20 атм)', 116, 'Ш42 x В42 x Т12мм', 'число, день недели', 'аналоговый (стрелки), формат 12 часов, секундная стрелка центральная', 'нержавеющая сталь', 'нержавеющая сталь', 'сапфировое', 21);
INSERT INTO public.shop_features (id, mechanism_type, waterproof, weight, dimensions, date_display, dial, case_material, bracelet_material, glass, product_id) VALUES (22, 'Механические с автоподзаводом', 'WR50 (5 атм)', 69, 'Ш40.5 x В40.5 x Т12мм', 'нет', 'аналоговое (стрелки), формат 12-ти часов, секундная стрелка центральная', 'нержавеющая сталь', 'нержавеющая сталь', 'минеральное', 22);
INSERT INTO public.shop_features (id, mechanism_type, waterproof, weight, dimensions, date_display, dial, case_material, bracelet_material, glass, product_id) VALUES (23, 'Кварцевые', 'WR30 (3 атм)', 58, 'Ш39 x В39 x Т10мм', 'число', 'аналоговый (стрелки), формат 12 часов, секундная стрелка центральная', 'нержавеющая сталь + IP покрытие', 'нержавеющая сталь + IP покрытие', 'минеральное', 23);
INSERT INTO public.shop_features (id, mechanism_type, waterproof, weight, dimensions, date_display, dial, case_material, bracelet_material, glass, product_id) VALUES (24, 'Кварцевые', 'WR100 (10 атм)', 117, 'Ш43 x В43', 'число', 'аналоговый (стрелки), формат 12 часов, секундная стрелка центральная', 'нержавеющая сталь', 'нержавеющая сталь', 'минеральное', 24);
INSERT INTO public.shop_features (id, mechanism_type, waterproof, weight, dimensions, date_display, dial, case_material, bracelet_material, glass, product_id) VALUES (25, 'Механические с автоподзаводом', 'WR200 (20 атм)', 95, 'Ш44 x В40', 'день недели, число', 'аналоговый (стрелки), формат 12 часов, центральная секундная стрелка', 'нержавеющая сталь', 'нержавеющая сталь', 'минеральное', 25);
INSERT INTO public.shop_features (id, mechanism_type, waterproof, weight, dimensions, date_display, dial, case_material, bracelet_material, glass, product_id) VALUES (26, 'Механические с автоподзаводом', 'WR300 (30 атм)', 200, 'Ш42 x В42 x Т12.5мм', 'число', 'аналоговый (стрелки), формат 12 часов, секундная стрелка центральная', 'нержавеющая сталь', 'нержавеющая сталь', 'сапфировое', 26);
INSERT INTO public.shop_features (id, mechanism_type, waterproof, weight, dimensions, date_display, dial, case_material, bracelet_material, glass, product_id) VALUES (27, 'Механические с ручным заводом', 'WR100 (10 атм)', 105, 'Ш42 x В42', 'число, месяц, день недели', 'аналоговый (стрелки), формат 12 часов, секундная стрелка центральная', 'нержавеющая сталь', 'кожаный ремешок', 'сапфировое', 27);
INSERT INTO public.shop_features (id, mechanism_type, waterproof, weight, dimensions, date_display, dial, case_material, bracelet_material, glass, product_id) VALUES (28, 'Механические с автоподзаводом', 'WR300 (30 атм)', 135, 'Ш43 x В43', 'нет', 'аналоговый (стрелки) , формат 12 часов, секундная стрелка центральная', 'нержавеющая сталь', 'нержавеющая сталь', 'сапфировое', 28);
INSERT INTO public.shop_features (id, mechanism_type, waterproof, weight, dimensions, date_display, dial, case_material, bracelet_material, glass, product_id) VALUES (29, 'Механические с автоподзаводом', 'WR50 (5 атм)', 95, 'Ш42 x В42', 'нет', 'аналоговый (стрелки) , формат 12 часов, секундная стрелка центральная', 'нержавеющая сталь', 'нержавеющая сталь', 'сапфировое', 29);
INSERT INTO public.shop_features (id, mechanism_type, waterproof, weight, dimensions, date_display, dial, case_material, bracelet_material, glass, product_id) VALUES (30, 'Кварцевые', 'WR100 (10 атм)', 97, 'Ш44 x В44 x Т13мм', 'число', 'аналоговый (стрелки), формат 12 часов, секундная стрелка смещенная', 'нержавеющая сталь', 'кожаный ремешок', 'сапфировое', 30);
INSERT INTO public.shop_features (id, mechanism_type, waterproof, weight, dimensions, date_display, dial, case_material, bracelet_material, glass, product_id) VALUES (31, 'Механические с автоподзаводом', 'WR50 (5 атм)', 85, 'Ш42 x В42 x Т11.4мм', 'число', 'аналоговый (стрелки), формат 12 часов, секундная стрелка центральная', 'нержавеющая сталь', 'кожаный ремешок', 'сапфировое', 31);
INSERT INTO public.shop_features (id, mechanism_type, waterproof, weight, dimensions, date_display, dial, case_material, bracelet_material, glass, product_id) VALUES (32, 'Механические с автоподзаводом', 'WR100 (10 атм)', 180, 'Ш42 x В42 x Т15мм', 'число', 'аналоговый (стрелки), формат 12 часов, секундная стрелка смещенная', 'нержавеющая сталь', 'нержавеющая сталь', 'сапфировое', 32);
INSERT INTO public.shop_features (id, mechanism_type, waterproof, weight, dimensions, date_display, dial, case_material, bracelet_material, glass, product_id) VALUES (33, 'Механические с автоподзаводом', 'WR100 (10 атм)', 102, 'Ш42 x В42', 'число, секундомер', 'аналоговый (стрелки), формат 12 часов, секундная стрелка центральная', 'нержавеющая сталь + PVD покрытие', 'кожаный ремешок', 'сапфировое', 33);
INSERT INTO public.shop_features (id, mechanism_type, waterproof, weight, dimensions, date_display, dial, case_material, bracelet_material, glass, product_id) VALUES (34, 'Кварцевые', 'WR100 (10 атм)', 210, 'Ш49 x В44 x Т11мм', 'число', 'аналоговый (стрелки), формат 12 часов, секундная стрелка центральная', 'нержавеющая сталь + PVD покрытие', 'нержавеющая сталь', 'минеральное', 34);
INSERT INTO public.shop_features (id, mechanism_type, waterproof, weight, dimensions, date_display, dial, case_material, bracelet_material, glass, product_id) VALUES (35, 'Кварцевые', 'WR100 (10 атм)', 215, 'Ш53 x В47 x Т12мм', 'число', 'аналоговый (стрелки), формат 12 часов, секундная стрелка центральная', 'нержавеющая сталь + IP покрытие', 'нержавеющая сталь', 'минеральное', 35);
INSERT INTO public.shop_features (id, mechanism_type, waterproof, weight, dimensions, date_display, dial, case_material, bracelet_material, glass, product_id) VALUES (36, 'Кварцевый с солнечной подзарядкой', 'WR100 (10 атм)', 212, 'Ш41 x В41 x Т10мм', 'число', 'аналоговый (стрелки), формат 12 часов, секундная стрелка центральная', 'нержавеющая сталь + PVD покрытие', 'нержавеющая сталь', 'сапфировое', 36);
INSERT INTO public.shop_features (id, mechanism_type, waterproof, weight, dimensions, date_display, dial, case_material, bracelet_material, glass, product_id) VALUES (37, 'Кварцевые', 'WR100 (10 атм)', 68, 'Ш42 x В42 x Т10мм', 'число', 'аналоговый (стрелки), формат 12 часов, секундная стрелка смещенная', 'нержавеющая сталь', 'текстиль', 'сапфировое', 37);
INSERT INTO public.shop_features (id, mechanism_type, waterproof, weight, dimensions, date_display, dial, case_material, bracelet_material, glass, product_id) VALUES (38, 'Кварцевые', 'WR100 (10 атм)', 129, 'Ш44 x В44 x Т15мм', 'число, месяц, вечный календарь', 'аналоговый + цифровой', 'титан', 'титан', 'сапфировое', 38);
INSERT INTO public.shop_features (id, mechanism_type, waterproof, weight, dimensions, date_display, dial, case_material, bracelet_material, glass, product_id) VALUES (39, 'Кварцевые', 'WR50 (5 атм)', 116, 'Ш41 x В41 x Т10мм', 'число', 'аналоговый (стрелки), формат 12/24 часа, секундная стрелка смещенная', 'нержавеющая сталь', 'нержавеющая сталь', 'минеральное', 40);
INSERT INTO public.shop_features (id, mechanism_type, waterproof, weight, dimensions, date_display, dial, case_material, bracelet_material, glass, product_id) VALUES (40, 'Кварцевые', 'WR50 (5 атм)', 121, 'Ш43 x В43 x Т9мм', 'число', 'аналоговый (стрелки), формат 12 часов, секундная стрелка центральная', 'нержавеющая сталь', 'нержавеющая сталь', 'минеральное', 41);
INSERT INTO public.shop_features (id, mechanism_type, waterproof, weight, dimensions, date_display, dial, case_material, bracelet_material, glass, product_id) VALUES (41, 'Кварцевые', 'WR100 (10 атм)', 98, 'Ш42 x В42 x Т11мм', 'число', 'аналоговый (стрелки), формат 12/24 часа, секундная стрелка смещенная', 'нержавеющая сталь', 'кожаный ремешок', 'минеральное', 42);
INSERT INTO public.shop_features (id, mechanism_type, waterproof, weight, dimensions, date_display, dial, case_material, bracelet_material, glass, product_id) VALUES (42, 'Кварцевые', 'WR100 (10 атм)', 169, 'Ш43 x В43', 'число', '12 часовой, секундная стрелка вынесена в отдельный циферблат', 'нержавеющая сталь', 'нержавеющая сталь', 'сапфировое', 43);
INSERT INTO public.shop_features (id, mechanism_type, waterproof, weight, dimensions, date_display, dial, case_material, bracelet_material, glass, product_id) VALUES (43, 'Кварцевые', 'WR200 (20 атм)', 226, 'Ш44 x В44 x Т13.3мм', 'число', 'аналоговый (стрелки), формат 12 часов', 'титан', 'титан', 'сапфировое', 44);
INSERT INTO public.shop_features (id, mechanism_type, waterproof, weight, dimensions, date_display, dial, case_material, bracelet_material, glass, product_id) VALUES (44, 'Механические с автоподзаводом', 'WR100 (10 атм)', 150, 'Ш43 x В43', 'число, день недели', 'аналоговый', 'нержавеющая сталь', 'кожаный ремешок', 'сапфировое', 45);
INSERT INTO public.shop_features (id, mechanism_type, waterproof, weight, dimensions, date_display, dial, case_material, bracelet_material, glass, product_id) VALUES (45, 'Механические с автоподзаводом', 'WR50 (5 атм)', 147, 'Ш45 x В45', 'число', 'аналоговый (стрелки), формат 12 часов, секундная стрелка центральная', 'титан', 'титан', 'сапфировое', 46);
INSERT INTO public.shop_features (id, mechanism_type, waterproof, weight, dimensions, date_display, dial, case_material, bracelet_material, glass, product_id) VALUES (46, 'Механические с автоподзаводом', 'WR30 (3 атм)', 136, 'Ш44 x В44 x Т14.5мм', 'число', 'аналоговый (стрелки), формат 12 часов, секундная стрелка смещенная', 'нержавеющая сталь', 'каучук + джинса', 'сапфировое', 48);
INSERT INTO public.shop_features (id, mechanism_type, waterproof, weight, dimensions, date_display, dial, case_material, bracelet_material, glass, product_id) VALUES (47, 'Механические с автоподзаводом', 'WR50 (5 атм)', 124, 'Ш45 x В45', 'число', 'аналоговый (стрелки), формат 12 часов, секундная стрелка центральная', 'керамика', 'керамика', 'сапфировое', 47);
INSERT INTO public.shop_features (id, mechanism_type, waterproof, weight, dimensions, date_display, dial, case_material, bracelet_material, glass, product_id) VALUES (48, 'Механические с автоподзаводом', 'WR50 (5 атм)', 82, 'Ш41 x В41 x Т9.8мм', 'число', 'Аналоговый (стрелки), формат 12 часов, секундная стрелка центральная', 'нержавеющая сталь', 'кожаный ремешок', 'сапфировое', 39);
INSERT INTO public.shop_features (id, mechanism_type, waterproof, weight, dimensions, date_display, dial, case_material, bracelet_material, glass, product_id) VALUES (49, 'Кварцевые', 'WR100 (10 атм)', 75, 'Ш48 x В43', 'число', 'Аналоговый (стрелки), формат 12 часов, секундная стрелка центральная', 'нержавеющая сталь', 'кожаный ремешок', 'минеральное', 49);
INSERT INTO public.shop_features (id, mechanism_type, waterproof, weight, dimensions, date_display, dial, case_material, bracelet_material, glass, product_id) VALUES (50, 'Кварцевый с солнечной подзарядкой', 'WR100 (10 атм)', 67, 'Ш52.4 x В54.6 x Т14.4мм', 'число, месяц, день недели', 'цифровое', 'пластик', 'пластик', 'минеральное', 50);
INSERT INTO public.shop_features (id, mechanism_type, waterproof, weight, dimensions, date_display, dial, case_material, bracelet_material, glass, product_id) VALUES (51, 'Кварцевые', 'WR30 (3 атм)', 37, 'Ш49 x В49 x Т8мм', 'нет', 'аналоговый (стрелки), формат 12 часов, секундная стрелка центральна', 'нержавеющая сталь', 'нержавеющая сталь', 'минеральное', 51);
INSERT INTO public.shop_features (id, mechanism_type, waterproof, weight, dimensions, date_display, dial, case_material, bracelet_material, glass, product_id) VALUES (52, 'Кварцевые', 'WR30 (3 атм)', 65, 'Ш30 x В42 x Т8мм', 'число, месяц, день недели', 'аналоговое+цифровой, формат 12/24 часов, секундная стрелка отсутствует', 'нержавеющая сталь', 'нержавеющая сталь', 'минеральное', 52);
INSERT INTO public.shop_features (id, mechanism_type, waterproof, weight, dimensions, date_display, dial, case_material, bracelet_material, glass, product_id) VALUES (53, 'Кварцевые', 'WR100 (10 атм)', 75, 'Ш54 x В50 x Т12мм', 'число', 'аналоговый (стрелки), формат 12 часов, секундная стрелка центральная', 'нержавеющая сталь + IP покрытие', 'кожаный ремешок', 'минеральное', 53);
INSERT INTO public.shop_features (id, mechanism_type, waterproof, weight, dimensions, date_display, dial, case_material, bracelet_material, glass, product_id) VALUES (54, 'Кварцевые', 'WR30 (3 атм)', 48, 'Ш39 x В34 x Т9.6мм', 'год, месяц, день недели, число', 'цифровой', 'полимерный пластик', 'нержавеющая сталь', 'минеральное', 54);
INSERT INTO public.shop_features (id, mechanism_type, waterproof, weight, dimensions, date_display, dial, case_material, bracelet_material, glass, product_id) VALUES (55, 'Кварцевые', 'WR200 (20 атм)', 45, 'Ш42 x В46', 'число, день недели, год', 'аналоговый + цифровой', 'карбон', 'пластик', 'минеральное', 55);
INSERT INTO public.shop_features (id, mechanism_type, waterproof, weight, dimensions, date_display, dial, case_material, bracelet_material, glass, product_id) VALUES (56, 'Кварцевый с солнечной подзарядкой', 'WR100 (10 атм)', 163, 'Ш48 x В51 x Т14мм', 'число, день недели, месяц, год', 'аналоговый + цифровой', 'нержавеющая сталь + PVD покрытие', 'кожаный ремешок', 'минеральное', 56);
INSERT INTO public.shop_features (id, mechanism_type, waterproof, weight, dimensions, date_display, dial, case_material, bracelet_material, glass, product_id) VALUES (57, 'Кварцевые', 'WR100 (10 атм)', 148, 'Ш49 x В52 x Т13мм', 'число, день недели, месяц, год', 'аналоговый + цифровой', 'нержавеющая сталь + IP покрытие', 'нержавеющая сталь + IP покрытие', 'минеральное', 57);


--
-- TOC entry 3477 (class 0 OID 17009)
-- Dependencies: 228
-- Data for Name: shop_manufacture; Type: TABLE DATA; Schema: public; Owner: postgres
--

INSERT INTO public.shop_manufacture (id, brand, country, description, image, image_brand) VALUES (1, 'Casio', 'Япония', 'За названием известного японского бренда Casio стоит имя легендарного Тадао Касио и его семьи. Двигающей силой его истории успеха стали не авантюризм и риск, а самоотверженный труд и личный аскетизм.

Сразу после войны, в 1946 году, Тадао открыл собственное предприятие «Касио Сэйсакудзё»: он ограничивал себя во всем, чтобы сэкономить и удержать предприятие на плаву; вскоре все его братья пришли к Тадао на помощь. Братья долгих 7 лет трудились над своим главным проектом – созданием калькулятора, и неоднократно случалось так, что они были уже в полушаге от своей цели, но попытка заканчивались неудачей. Однако, в конце концов их изобретением заинтересовалась компания Uchida Yoko. Был подписан контракт, по которому Uchida Yoko стала эксклюзивным дилером, а в июне 1957 была основана компания, занимавшаяся разработкой и изготовлением релейных калькуляторов CASIO Computer co., Ltd.

Отечественное производство всегда ценилось в Японии выше импортного вне зависимости от того, что за продукт это был. Создание универсальной и сверхточной машины – по меркам своего времени - пришлось на эпоху общего экономического подъема Японии, и заказы посыпались на компанию Casio один за другим.

Впервые наручные часы Casio мир увидел в 1974 году, когда один из инженеров фирмы задумал внедрить принцип калькулятора в механизм наручных часов. Инженер заметил, что время – это непрерывный процесс сложения, и, следовательно, калькулятор – почти готовый механизм для сверхточного измерения времени. Так появился Casiotron - первые в мире электронные наручные часы Casio. 

Настоящий триумф ждал Casio в 1983 году - именно тогда впервые увидели свет неповторимые часы G Shock. В основе этих часов лежала концепция «трёх десяток»: 10 лет – работы батареи, 10 бар – степень водозащиты, 10 метров – высота, с которой эти часы могут упасть и остаться невредимыми.

С тех пор ежегодно в каталоге часов Casio появляется несколько новых моделей, причем каждая из них мгновенно находит почитателей и становится хитом сезона. Никто не в состоянии предсказать, что именно будет находиться под крышкой корпуса новых часов от Casio: барометр или альтиметр, компас или видеокамера. Впрочем, все перечисленное в них уже есть. Ведь как говорил основатель - если это не абсолютно оригинально, то это не Casio.', 'brand_image/logo_casio.jpg', 'brand_image/brand_casio_.jpg');
INSERT INTO public.shop_manufacture (id, brand, country, description, image, image_brand) VALUES (2, 'Tissot', 'Швейцария', 'Tissot был основан в 1853 году Шарлем-Фелисьеном Тиссо и его сыном Шарлем-Эмилем в Швейцарии, в местечке Ле-Локль. Изначально компания представляла собой небольшую часовую мастерскую, в которой в холодное время года работали местные фермеры, называлась мастерская «Шарль Тиссо и сын». Первый шаг на пути к всемирной известности компания сделала после возвращения сына Шарля из Лондона, где он изучал часовое дело. Именно тогда основатели решили, что огромный потенциал скрыт в экспорте часов в другие страны. Шарль-Эмиль, обладатель прекрасного английского, отправляется в длительную командировку, сначала он привез часы Tissot в США, затем в Российскую Империю и другие страны.

Сегодня бренд Tissot представлен более чем в 160 странах, но по-прежнему тесно связан с местом своего рождения. Штаб-квартира компании Tissot по-прежнему находится в швейцарском городе, который был свидетелем развития бренда, но с 1907 г. адрес компании сменился на Chemin des Tourelles.', 'brand_image/logo_tissot.jpg', 'brand_image/brand_tissot.jpg');
INSERT INTO public.shop_manufacture (id, brand, country, description, image, image_brand) VALUES (3, 'Orient', 'Япония', 'Расцвет истории фирмы "ORIENT" датирован началом XX века, когда её создателем, Сёгоро Ёсида, был открыт часовой магазин с мастерской "Ёсида" вблизи района Уэно. Сегодня бренд является производителем часов, история которого имеет более чем столетний стаж. При демонстрации революционного прогресса "ORIENT" был сохранён ряд собственных традиций. В середине 1950 года организацией была начата деятельность на рынке производства наручных часов под маркой, именуемой "ORIENT WATCH CO., LTD".

Около пятидесяти лет компанией производятся тиражи часов, равные двум миллионам ежегодно. Ею предложена продукция высшего уровня качества по умеренной ценовой политике, в которой производитель не отходит от традиций. Местонахождение головного офиса - Токио, но список официальных представительств компании распространён в 60 других странах.

Производитель "ORIENT" старается придать товарам уникальности, а также делать предложения с высоким уровнем качества, что гарантирует интерес покупателя и соответствие любой эпохе.', 'brand_image/logo_orient.jpg', 'brand_image/brand_orient.jpg');
INSERT INTO public.shop_manufacture (id, brand, country, description, image, image_brand) VALUES (4, 'Certina', 'Швейцария', 'История этой торговой марки восходит к 1888 году. Ее основателями были Адольф и Альфред Курт, которые открыли в Гренхене маленькую фабрику часовых механизмов.

Уже не отдельные детали, а полностью собранные часы стали производиться немного позже. Брендовая торговая марка у этих изделий появилась лишь в 1906 году, именовалась она Grana.

Первые наручные часы на своих циферблатах имели надпись, содержащую название торговой марки. Первыми наручными были женские модели, поскольку мужчины в те давние времена пренебрегали часами на руках. Женские модели быстро распространялись и стали популярны.

Название новой марки появилось значительно позже. В 1938 году фирма отмечала юбилей своего основания – 50 лет. В это время и было представлено всем сотрудникам предприятия название новой марки Certina. Теперь это название стали носить все изделия фабрики.

Производство часов постепенно увеличивалось. Так, в 1955 году фабрика производила уже до 1000 изделий заявленной марки в день. По-прежнему на высоте было качество и прочность часовых устройств, поэтому увеличился и их сбыт на главных рынках продажи часов в мире. Наследники братьев-основателей фабрики – Курт, Ханс и Эрвин – умело смогли развить маркетинговую политику компании.

Сегодняшние модели Certina – это «двойная надёжность», которая оправдывается прочно подвешенным часовым механизмом в корпусе. Означает это качество значок , по-другому фирменный знак, знака DS (Double Security), который узнаваем ценителями.

Наличие в механизмах отличающихся сверхпрочностью хронометров Certina DS оправдало ожидания покупателей и на морской глубине, и на высоте в горах.

В 70-е годы 20 века в компании трудилось около 900 человек, которые производили 600000 часовых устройств в год. Помимо этого, изготовляли и запасные детали к часам – более 375 000 штук.

Сегодня фирма Certina представляет собой надежное ядро Swatch Group. Ценители настоящих часов по-прежнему знают и ценят ветераны-хронометры этой марки. Все знают об их надёжности, которая была проверена в самых экстремальных ситуациях.', 'brand_image/logo_certina.jpg', 'brand_image/brand_certina.jpg');
INSERT INTO public.shop_manufacture (id, brand, country, description, image, image_brand) VALUES (5, 'Hublot', 'Швейцария', 'Часы Hublot (Убло) – бренд, который перевернул представление о классических, роскошных часах и бросил вызов традиционному оформлению хронографов. Карло Крокко в конце 80-х представил первый в мире золотой хронометр с ремешком из каучука. Такое нетипичное сочетание материалов вызвало интерес к марке.

Визитной карточкой часов Hublot по-прежнему является корпус в виде иллюминатора.

Талантливый итальянец Карло Крокко (Carlo Crocco) родился в семье известных часовщиков. Свой первый хронограф он спроектировал для компании родителей в 1967 году. Но, вскоре, решил создать собственный бренд и реализовать свои нестандартные идеи, которые не поддерживал никто из родных.

Так появились первые часы марки Hublot «Fusion». На разработку этой модели мастер потратил 3 года и 1 млн. долларов. Золотой хронограф с каучуковым ремешком не сразу стал предметом восхищения у покупателей. А в результате за первый год продаж часы принесли Крокко 2 млн. долларов. 

Карло решил создать современные, спортивные хронометры и в то же время лаконичные и роскошные. Черта, которая выделяет часы Hublot, заключается в  наличии металлических винтов на циферблате. Уже весной 1982 года мастер представил новый хронограф, который обладал мощными водонепроницаемыми свойствами. Идею с каучуковым ремешком подхватили и другие компании. Карло оставил свое имя в истории часового искусства, представив оригинальный подход по изготовлению универсальных хронографов.', 'brand_image/logo_hublot.jpg', 'brand_image/brand_hublot.jpg');
INSERT INTO public.shop_manufacture (id, brand, country, description, image, image_brand) VALUES (6, 'Hamilton', 'США/Швейцария', 'Hamilton: воплощение американского духа в швейцарских технологиях

Известная во всем мире и популярная марка часов Hamilton начинала свой путь на часовом подиуме с весьма скромного, но успешного стартапа. Сегодня эти часы знают, как швейцарские, но история их восхождения началась в Америке.
Годом основания марки считается 1892 год, когда в американском городке Ланкастер была создана компания по производству часов. Часы получили свое название в честь некоего Хамильтона, подарившего общине города землю, на которой и было создано часовое производство.

Уже через год компания выпустила свою первую серию карманных часов Broadway Limited для работников железнодорожного транспорта Америки, которые быстро прославились своей точностью и высочайшей надежностью. Благодаря этому часы  Hamilton приобрели популярность и признание среди американцев.

Начало XХ века ознаменовалось для Hamilton стартом сотрудничества с армией и авиацией. Часами Hamilton были оснащены солдаты Первой пехотной дивизии, которой командовал генерал Першинг. В 1919 году часы Hamilton приняли участие в первом в Америке авиапочтовом перелете между Вашингтоном и Нью-Йорком. Адмирал Берда и Джеймс Уиттакер, покоривший Эверест, использовали эти часы в своих экспедициях. Именно сотрудничество с армией положило начало одной из современных коллекционных линеек Khaki, которая была разработана в годы Второй мировой. Часы этой серии отличались круглым крупным циферблатом, с разборчивыми арабскими цифрами и ремешком в стиле хаки.
К историческим вехам развития компании можно отнести 1957 год, когда были выпущены первые кварцевые часы Ventura, 1970 год, когда миру были представлены первые электронные часы, и 1972 год, ознаменовавшийся выпуском кварцевых часов Pulsar со светодиодным дисплеем LED. Важным аккордом на пути к вершине успеха стало включение компании Hamilton в состав Swatch Group и переезд в 2002 году в мировую столицу часового производства – г. Биль в Швейцарии. С этого момента выпускаемые Hamilton часы считаются одними из лучших автоматических швейцарских часов.
Надежность, практичность, стильный дизайн — все это швейцарские часы Hamilton, сохранившие свой американский дух!', 'brand_image/logo_hamilton.jpg', 'brand_image/brand_hamilton.jpg');


--
-- TOC entry 3479 (class 0 OID 17017)
-- Dependencies: 230
-- Data for Name: shop_product; Type: TABLE DATA; Schema: public; Owner: postgres
--

INSERT INTO public.shop_product (id, model, description, price, image, quantity, collection, date, manufacture_id) VALUES (1, 'Hublot Black Magic 550.CS.1800.RX', 'Скорее всего, Вы уже где-то видели яркие многогранные фигуры в духе поп-арта, созданные Ришаром Орлински. Это могла быть огромная горилла «Wild Kong» на набережной Круазет в Каннах, крокодилы, нежащиеся на солнце посреди Квартала дизайнеров в Майами, или пятиметровый медведь, встречающий горнолыжников в снежном Куршевеле. Воздавая должное исключительному мастерству Hublot, художник придумал модель часов, в дизайне которой, как и в навеянных поп-артом скульптурах Орлински, элементы винтажного стиля соединяются с мотивами неофутуризма. По мнению Ришара, непрерывно движущиеся вперед стрелки являются символом будущего и метафорой вечности. Корпус: полированная черная керамика. Безель: полированная черная керамика, 6 H-образных титановых винтов. Циферблат: черная керамика, граненый дизайн. Запас хода: 42 часа. Гладкий ремешок из черного каучука. Раскладывающаяся застежка из нержавеющей стали с черным покрытием.', 63709.93, 'product_image/Hubolt_Black_Magic_550.CS.1800.RX_U8wbX5a.jpg', 7, 'Classic Fusion', '2023-06-04', 5);
INSERT INTO public.shop_product (id, model, description, price, image, quantity, collection, date, manufacture_id) VALUES (2, 'Hublot 521.NO.1181.RX', 'Хронограф. Калибр HUB1143. Запас хода до 42 часов. Безель из розового золота 18 К. Циферблат черного цвета. Раскладывающаяся застежка из нержавеющей стали и розового золота 18 К. Прозрачная задняя крышка.', 70395.54, 'product_image/Hublot_Classic_Fusion_521.NO.1181.RX.jpg', 5, 'Classic Fusion', '2023-06-04', 5);
INSERT INTO public.shop_product (id, model, description, price, image, quantity, collection, date, manufacture_id) VALUES (3, 'Hublot Integral King Gold 451.OX.1180.OX', 'Постоянно работая над поиском смелых сочетаний, в том числе в области драгоценных металлов, Hublot создала золото с новым оттенком золота, еще более теплым, чем цвет традиционного красного золота 18 карат 5N. Эксклюзивный сплав, содержащий платину, получил название King Gold. Он превосходно поддается операциям по полировке и сатинированию. В часах Hublot он сочетается с самыми неожиданными материалами: высокотехнологичной керамикой, углеволокном, каучуком. Корпус часов и браслет выполнены из сатинированного и полированного золота King 18K. Безель: сатинированное и полированное золото King 18K, 6 H-образных титановых винтов. Механизм: HUB1280, мануфактурный автоматический механизм хронографа UNICO с функцией Flyback и колонным колесом. Запас хода: 72 часа.', 254446.46, 'product_image/Hublot_Integral_King_Gold_451.OX.1180.OX.jpg', 3, 'Big Bang', '2023-06-04', 5);
INSERT INTO public.shop_product (id, model, description, price, image, quantity, collection, date, manufacture_id) VALUES (4, 'Hublot Big Bang Steel Ceramic 342.SB.131.RX', 'Роскошные механические часы с автоподзаводом с функцией хронографа. Калибр: HUB1145, запас хода 42 часа. Центральная стрелка хронографа, 30-минутный счетчик в положении "9" часов, 12-часовой счетчик в положении "6" часов. Малая секундная стрелка на отметке "3" часа. Окошко даты находится в положении между "4" и "5" часами. Корпус выполнен из нержавеющей стали, безель из черной керамики и нержавеющей стали с 6-ю H-образными титановыми винтами. Циферблат черно-серого цвета из углеродного волокна, сатинированные накладные элементы с родиевым покрытием, полированные стрелки с родиевым покрытием и белым люминесцентным покрытием, красная секундная стрелка хронографа. Задняя крышка корпуса с сапфировым стеклом. Черный фактурный каучуковый ремешок, раскладывающаяся застежка из нержавеющей стали.', 56237.78, 'product_image/Hublot_Big_Bang_Steel_Ceramic_342.SB.131.RX.jpg', 12, 'Big Bang', '2023-06-04', 5);
INSERT INTO public.shop_product (id, model, description, price, image, quantity, collection, date, manufacture_id) VALUES (5, 'Hublot Red Magic 301.CI.1123.GR', 'Довольно интересная модель мужских наручных часов Red Magic Chronograph 44mm Collection 301.CI.1123.GR от часовых мастеров Hublot отличается уникальным дизайном и функциональностью. Круглый корпус выполнен из керамики, и имеет такие параметры: 44 мм в диаметре. Несомненно одни из главных достоинств этой модели это повышенная водостойкость и хронограф. На черном циферблате шикарно смотрятся отлитые вручную стрелки с красными вставками, которые покрыты люминесцентной краской, что придает свечение в темноте . Апертурас датой находится на позиции между 4 и 5 часами. Прочные устойчивые к царапинам и прочим повреждениям стекла из сапфира, закрывают часы с двух сторон. Ультратонкий механизм оснащен калибром HUB 4100, и имеет запас хода на 42 часа. Благодаря задней крышке выполненной из сапфира можно наблюдать за работой точного механизма. Водонепроницаемость модели составляет 100 метров. Черный каучуковый браслет оснащен керамической вставкой.', 81800.40, 'product_image/Hublot_Red_Magic_301.CI.1123.GR.jpg', 8, 'Big Bang', '2023-06-04', 5);
INSERT INTO public.shop_product (id, model, description, price, image, quantity, collection, date, manufacture_id) VALUES (13, 'Tissot T-Touch Expert Solar NBA Special Edition', 'Эти часы отражают новаторские технологии, которые Tissot применяет для создания точных инновационных инструментов измерения времени. Впечатляющий список тактильных функций включает в себя компас, альтиметр, прогноз погоды, а дизайн моделей напоминает о смелости и спортивных достижениях атлетов.', 4877.65, 'product_image/Tissot_T-Touch_Expert_Solar_NBA_Special_Edition_1b1QFZX.jpg', 9, 'Special Collection', '2023-06-04', 2);
INSERT INTO public.shop_product (id, model, description, price, image, quantity, collection, date, manufacture_id) VALUES (6, 'Casio EQB-2000DB-1A', 'Хронограф от EDIFICE, сочетает в себе форму, функциональность и совершенство автоспорта. Конфигурация с четырьмя рычагами, вдохновленная четырехрычажной подвеской на двойных поперечных рычагах, используемой в гоночных автомобилях Formula, привносит инновации и высокопроизводительные технологии в EDIFICE Speed ​​​​& Intelligence. Как и кнопки на рулевом колесе гоночного автомобиля, ключевые компоненты циферблата имеют цветовую маркировку для быстрой идентификации. Красная секундная стрелка обеспечивает отличную видимость, поскольку для гоночных команд на счету каждая секунда. Корпус и браслет с ионным покрытием и сапфировым стеклом создают устойчивые к царапинам часы, напоминающие гоночный автомобиль. Вы можете легко синхронизировать данные со своим смартфоном через Bluetooth®. зайти в приложение, для доступа к функциям, жизненно важным для гоночных команд, — автоматической привязке к секунде, простой настройке мирового времени и передаче до 200 результатов круга с точностью до 1/1000 секунды на ваш смартфон. Tough Solar может заряжать часы с помощью солнечного света или даже неонового света, сохраняя заряд, достаточный для 5 месяцев нормального использования.', 2730.68, 'product_image/Casio_Edifice_EQB-2000DB-1A.png', 21, 'Edifice', '2023-06-04', 1);
INSERT INTO public.shop_product (id, model, description, price, image, quantity, collection, date, manufacture_id) VALUES (7, 'Casio EFB-680D-1AVUEF', 'Модель представляет собой стильный и сбалансированный хронограф в тонком и лаконичном корпусе со спортивным характером.', 709.70, 'product_image/Casio_Edifice_EFB-680D-1AVUEF.jpg', 32, 'Edifice', '2023-06-04', 1);
INSERT INTO public.shop_product (id, model, description, price, image, quantity, collection, date, manufacture_id) VALUES (8, 'Casio GA-2000-1A2', 'Для подсветки дисплея используется светодиод. Ударопрочная конструкция защищает от ударов и вибрации. Секундомер: прошедшее время измеряется с точностью в 1/100 секунды. Пределы измерения достигают 24 часов. Для поклонников точности: таймеры обратного отсчета напомнят Вам о текущих или особенных событиях, издав звуковой сигнал в установленное время. Время можно предварительно настроить от 1 минуты и до 24 часов. Идеальное решение для людей, которым необходимо ежедневно принимать лекарства или выполнять промежуточные упражнения (тренировки). Будильник напомнит Вам о повторяющихся событиях с помощью звукового сигнала, установленного Вами на определенное время. Вы также можете активировать почасовой сигнал времени, сообщающий о каждом полном часе. Эта модель имеет пять независимых будильников для оповещения о важных встречах. Функция перемещения стрелок: нажатие на кнопку обеспечит перемещение стрелок в такое положение, которое позволит Вам легко считать информацию с маленьких цифровых дисплеев – например, дату или показатели секундомера. После настройки автоматический календарь всегда отображает точную дату. Усиленный углеродными волокнами резиновый корпус: резина обладает высокой прочностью и является идеальным материалом для часов. В сочетании с высокой устойчивостью карбона мы имеем корпус, который по-прежнему способен выдержать высокую нагрузку и мало восприимчив к внешним воздействиям, и при этом предлагает дополнительную прочность. Аккумулятор обеспечивает часы достаточным питанием приблизительно на два года.', 753.40, 'product_image/Casio_G-Shock_GA-2000-1A2_yubX1fG.jpg', 18, 'G-Shock', '2023-06-04', 1);
INSERT INTO public.shop_product (id, model, description, price, image, quantity, collection, date, manufacture_id) VALUES (9, 'Casio GA-2100-1A1', 'Многофункциональные часы в новом корпусе GA-2100 с безелем в форме октагона. Модель отличается своей легкостью, компактностью и толщиной корпуса всего в 11.8 мм. Это стало возможным благодаря технологии Carbon Core Guard: модуль часов защищает легкий и сверх-прочный полиуретановый корпус с углеродным армированием, а циферблат покрыт закаленным минеральным стеклом. Электролюминесцентная подсветка освещает весь циферблат. Черные метки и стрелки. Функция парный иллюминатор обеспечивает подсветку не только аналогового циферблата, но и цифрового дисплея. Необритовое светонакопительное покрытие обеспечивает длительное послесвечение в темноте даже после кратковременного нахождения на свету. Мировое время. 12-ти и 24-х часовой формат времени. Секундомер с точностью показаний 1/100 сек. и временем измерения 24 ч. Сплит-хронограф. Таймер обратного отсчета от 1/1 мин. до 24 ч с автоповтором. Функция перемещения стрелок. Функция отключения/включения звука. 5 ежедневных будильников, повтор сигнала будильника, ежечасный сигнал. Задняя крышка на 4-х винтах. Ремешок из полимерного материала, отличающегося чрезвычайной прочностью и гибкостью. Обновленное крепление ремешка, теперь его замена займет всего несколько секунд.', 571.33, 'product_image/Casio_G-Shock_GA-2100-1A1_eF89VTq.jpg', 26, 'G-Shock', '2023-06-04', 1);
INSERT INTO public.shop_product (id, model, description, price, image, quantity, collection, date, manufacture_id) VALUES (10, 'Casio PRT-B50YT-1ER', 'Pro Trek созданы для путешествий, хайкинга и активного времяпровождения . В данной моделе есть Quad Sensor: термометр, барометр, высотомер, компас и шагомер, данные о заходе и восходе Солнца, двойная автоматическая подсветка, прочное минеральное стекло и еще более десятка функций!Часы PRT-B50 синхронизируются со смартфоном и позволяют удобно настраивать часы, хранить всю информацию с датчиков часов в приложении, использовать GPS в смартфоне, для показа время восхода/заката Солнца именно в той точке, где вы сейчас находитесь. Также вы можете установить точку на карте в приложении и двигаться к ней, часы будут сообщать расстояние до данной точки, а секундная стрелка будет вести вас по направлению к ней.', 1769.30, 'product_image/Casio_ProTrek_PRT-B50YT-1ER_iZvHeg5.png', 6, 'ProTrek', '2023-06-04', 1);
INSERT INTO public.shop_product (id, model, description, price, image, quantity, collection, date, manufacture_id) VALUES (11, 'Tissot Seastar 1000', 'Кварцевые часы Tissot Seastar 1000 Chronograph обладают высокой степенью водонепроницаемости при давлении до 30 бар (300 м / 1000 футов), оснащенны завинчивающейся заводной головкой и задней крышкой, а также однонаправленным безелем.', 2463.40, 'product_image/Tissot_Seastar_1000_FaKbMhX.jpg', 14, 'T-Sport', '2023-06-04', 2);
INSERT INTO public.shop_product (id, model, description, price, image, quantity, collection, date, manufacture_id) VALUES (12, 'Tissot Tradition 7067', 'Семейство часов Tissot Tradition - это ультрасовременные модели, в которых чувствуется легкий оттенок ностальгии, а новейшие технологии дополняет стильный винтажный дизайн. Высокие технологии превосходно сочетаются с классическими деталями и изящными элементами винтажного дизайна, такими, как гильошированный узор поверхности и легкий изгиб корпуса часов. Обладатели часов Tissot Tradition имеют возможность бесконечно наслаждаться их гармоничным внешним видом и безупречной точностью.', 1478.04, 'product_image/Tissot_Tradition_7067_E26NJQM.jpg', 11, 'T-Classic', '2023-06-04', 2);
INSERT INTO public.shop_product (id, model, description, price, image, quantity, collection, date, manufacture_id) VALUES (14, 'Tissot Chronograph', 'Швейцарские часы с хронографом, классические, современные.', 2264.58, 'product_image/Tissot_Chronograph_TO5CUym.jpg', 17, 'Chronograph', '2023-06-04', 2);
INSERT INTO public.shop_product (id, model, description, price, image, quantity, collection, date, manufacture_id) VALUES (15, 'Tissot T-Gold', 'Мужские швейцарские часы из коллекции Sculpture Line добавят образу оригинальности, станут лучшим атрибутом индивидуального стиля. Модели Tissot Sculpture отличаются изысканным дизайном, через прозрачное окошко можно наблюдать за работой механизма.', 31028.00, 'product_image/Tissot_T-Gold_QzZdNOE.jpg', 4, 'T-Gold', '2023-06-04', 2);
INSERT INTO public.shop_product (id, model, description, price, image, quantity, collection, date, manufacture_id) VALUES (16, 'Certina C035.417.11.057.00', 'Лаконичный, современный дизайн модели DS Caimano Chronograph доказывает, насколько элегантным может быть высокоточный измерительный прибор. Модный образ дополняют роскошный стальной браслет. Покрытие Superluminova.', 2217.61, 'product_image/Certina_Urban_C035.417.11.057.00_VvDCrdA.jpg', 12, 'Urban', '2023-06-04', 4);
INSERT INTO public.shop_product (id, model, description, price, image, quantity, collection, date, manufacture_id) VALUES (17, 'Certina C010.417.11.051.00', 'Современные и стильные часы. Это определенно правильный выбор для всех, кто ценит качество и хороший вкус.', 3596.97, 'product_image/Certina_DS_First_C010.417.11.051.00_kACUnKE.jpg', 23, 'DS First', '2023-06-04', 4);
INSERT INTO public.shop_product (id, model, description, price, image, quantity, collection, date, manufacture_id) VALUES (18, 'Certina C010.417.16.031.00', 'Стильные часы швейцарского производства обязательно дополнят любую мужскую коллекцию.', 3448.40, 'product_image/Certina_DS_Royal_C010.417.16.031.00_wvDZb0H.jpg', 16, 'DS Royal', '2023-06-04', 4);
INSERT INTO public.shop_product (id, model, description, price, image, quantity, collection, date, manufacture_id) VALUES (19, 'Certina C034.453.11.047.10', 'Эта ограниченная серия посвящена команде Monster Energy Yamaha Factory MXGP и с гордостью носит ее цвета и логотип. Спортивная дисциплина этой команды отличается невероятной скоростью, что умело передает этот высококачественный хронограф, оснащенный таймером на круг и способный отображать десятые доли секунды.', 3317.31, 'product_image/Certina_Sport_C034.453.11.047.10_Jx7Ijdg.jpg', 7, 'Sport', '2023-06-04', 4);
INSERT INTO public.shop_product (id, model, description, price, image, quantity, collection, date, manufacture_id) VALUES (20, 'Certina C007.410.17.051.00', 'Отличные часы для любителя дайвинга. К погружению и в море, и в стиль готовы! Для истинного джентльмена, способного в свободное время перевоплощаться в экстремального спортсмена-аквалангиста.', 2546.43, 'product_image/Certina_DS_Blue_Ribbon_C007.410.17.051.00_Yj4l8gp.jpg', 8, 'DS Blue Ribbon', '2023-06-04', 4);
INSERT INTO public.shop_product (id, model, description, price, image, quantity, collection, date, manufacture_id) VALUES (21, 'Orient RA-AA0814R19B', 'Мужская модель механических часов Корпус из нержавеющей стали Браслет из нержавеющей стали Автоматический подзавод Калибр: F6922 22 камня в механизме Сапфировое стекло Красный циферблат Аналоговый дисплей Светящиеся стрелки и метки Отображение дня недели и даты Однонаправленный вращающийся безель Завинчивающаяся заводная головка Завинчивающаяся задняя крышка Водонепроницаемость 20 атм (WR200 м)', 1565.80, 'product_image/Orient_Sports_RA-AA0814R19B_5DZeI1K.png', 4, 'Sports', '2023-06-04', 3);
INSERT INTO public.shop_product (id, model, description, price, image, quantity, collection, date, manufacture_id) VALUES (22, 'Orient RA-AG0028L10B', 'Мужские японские наручные часы ORIENT это мужской стиль, высокое качество и доступность.', 1354.60, 'product_image/Orient_Automatic_RA-AG0028L10B_oSigZWJ.jpg', 25, 'Automatic', '2023-06-04', 3);
INSERT INTO public.shop_product (id, model, description, price, image, quantity, collection, date, manufacture_id) VALUES (23, 'Orient RF-QD0009S10B', 'Orient Quartz – линейка кварцевых часов от компании Ориент. Модели данной коллекции объединяют в себе не только высокое качество от японского бренда, но и доступные цены', 604.47, 'product_image/Orient_Basic_RF-QD0009S10B_vfpodaF.jpg', 36, 'Basic', '2023-06-04', 3);
INSERT INTO public.shop_product (id, model, description, price, image, quantity, collection, date, manufacture_id) VALUES (24, 'Orient FTT0U002F0', 'Мужские часы Orient с зеленым циферблатом в прочном стальном корпусе на браслете. Календарь: число. Диаметр корпуса 43 мм.', 454.44, 'product_image/Orient_Neo_70s_FTT0U002F0_uv3kQBJ.jpg', 10, 'Neo 70s', '2023-06-04', 3);
INSERT INTO public.shop_product (id, model, description, price, image, quantity, collection, date, manufacture_id) VALUES (25, 'Orient RA-AA0008B19B', 'Мужские механические часы с автоподзаводом в корпусе из нержавеющей стали. Продуманный дизайн для подводного плавания: завинчивающаяся заводная головка и однонаправленно вращающийся безель - эти часы станут надежным аксессуаром. Указатель даты и дня недели в районе 3 часов.', 1354.60, 'product_image/Orient_Automatic_RA-AA0008B19B_niFFhOd.jpg', 5, 'Automatic', '2023-06-04', 3);
INSERT INTO public.shop_product (id, model, description, price, image, quantity, collection, date, manufacture_id) VALUES (26, 'Hamilton FROGMAN AUTO  H77605135', 'Первые модели Hamilton Frogman были разработаны специально для подразделения аквалангистов американских ВМС. В 1951 году часы использовались в съемках нашумевшего фильма «Водолазы». С тех пор прошло почти 70 лет, технологии часового производства были значительно усовершенствованы. При этом неизменными остались жизненно важные функции, благодаря которым часы обрели столь же широкую популярность, как и фильм: вращающийся в одном направлении безель, оптимальная водонепроницаемость, предусмотренное для использования под водой люминесцентное покрытие.', 4385.49, 'product_image/FROGMAN_AUTO.jpg', 18, 'Khaki Navy', '2023-06-22', 6);
INSERT INTO public.shop_product (id, model, description, price, image, quantity, collection, date, manufacture_id) VALUES (27, 'Hamilton Jazzmaster H32612555', 'Классические кварцевые мужские часы на кожаном ремне с корпусом из нержавеющей стали.
Функции: дата, хронограф.', 3485.72, 'product_image/Hamilton_Jazzmaster.jpg', 20, 'Jazzmaster', '2023-06-22', 6);
INSERT INTO public.shop_product (id, model, description, price, image, quantity, collection, date, manufacture_id) VALUES (28, 'Hamilton Khaki Navy H82505140', 'Эти вдохновленные океаном часы одновременно изысканные и спортивные. Они идеально подойдут как для размеренного отдыха на пляже, так и для покорения морских глубин.', 4722.01, 'product_image/Hamilton_Khaki_Navy_H82505140.jpg', 12, 'Khaki Navy', '2023-06-22', 6);
INSERT INTO public.shop_product (id, model, description, price, image, quantity, collection, date, manufacture_id) VALUES (29, 'Hamilton Jazzmaster H32705152', 'Jazzmaster Open Heart 42 мм – это выверенная гармония новаторства и традиций. Скелетонизированная конструкция открывает взгляду собственный автоматический механизм швейцарского производства, скрытый за эффектным серебристым циферблатом с синими индексами и стрелками. Вы можете персонализировать часы, добавив к ним ремешок из кожи синего цвета или элегантный браслет из нержавеющей стали.', 4934.56, 'product_image/Hamilton_Jazzmaster_H32705152.jpg', 8, 'Jazzmaster', '2023-06-22', 6);
INSERT INTO public.shop_product (id, model, description, price, image, quantity, collection, date, manufacture_id) VALUES (30, 'Hamilton Chrono Quartz H37512731', 'Ничто не в силах нарушить неумолимый ход времени. Однако, выдержанные в спортивном стиле часы с вращающимся безелем, позволят обрести контроль над временем. Высокое качество и безупречная точность кварцевого механизма – гарант надежности моделей, гармонично сочетающих в себе морской стиль и классическое часовое искусство.', 3407.78, 'product_image/Hamilton_Chrono_Quartz_H37512731.png', 9, 'Jazzmaster', '2023-06-22', 6);
INSERT INTO public.shop_product (id, model, description, price, image, quantity, collection, date, manufacture_id) VALUES (31, 'Hamilton Spirit of Liberty H42415551', 'Дух свободы с новой силой проявляется в автоматических моделях Spirit of Liberty, выдержанных в классическом американском стиле, который отличает изделия Hamilton с 1892 года, с момента основания компании в штате Пенсильвания. Благодаря использованию часовых технологий XXI века, позволивших довести уровень запаса хода автоматического механизма H-10 до 80 часов, теперь можно на все выходные выпасть из времени, а в понедельник вновь надеть на запястье свои безупречно функционирующие часы.', 4137.52, 'product_image/Hamilton_Spirit_of_Liberty_H42415551.jpg', 20, 'American Classic', '2023-06-22', 6);
INSERT INTO public.shop_product (id, model, description, price, image, quantity, collection, date, manufacture_id) VALUES (32, 'Hamilton Auto Chrono H32596141', 'Часы Jazzmaster Auto Chrono легко вписываются в современный темп жизни, не изменяя при этом своему внутреннему ритму. Модель создана для ценителей традиций, способных по достоинству оценить инновационные решения. Калибр H-21 с 60-часовым запасом хода помещен в корпус с изящными изгибами и лаконичными очертаниями.', 7527.62, 'product_image/Hamilton_Auto_Chrono_H32596141.jpg', 15, 'Jazzmaster', '2023-06-22', 6);
INSERT INTO public.shop_product (id, model, description, price, image, quantity, collection, date, manufacture_id) VALUES (33, 'Hamilton Jazzmaster H32546781', 'Элегантные мужские механические часы с автоподзаводом на кожаном ремне с корпусом из нержавеющей стали с PDV покрытием розового цвета.
Функции: хронограф, дата. Прочное сапфировое стекло с антибликовым покрытием. Водозащита - 100 м. Прозрачная задняя крышка.
Размер корпуса: 42 мм.
Гарантия: 2 года.', 7332.76, 'product_image/Hamilton_Jazzmaster_H32546781.jpg', 10, 'Jazzmaster', '2023-06-22', 6);
INSERT INTO public.shop_product (id, model, description, price, image, quantity, collection, date, manufacture_id) VALUES (34, 'Casio Edifice EFV-600D-2A', 'Надежный хронограф из серии Edifice станет вашим верным спутником в вопросах времени. Edifice. Необритовое светонакопительное покрытие обеспечивает длительное послесвечение в темноте даже после кратковременного нахождения на свету. Часы-хронограф с секундомером с точностью показаний 1/10с и временем измерения 1ч. Циферблат с окошком даты. Задняя крышка с винтовым фиксатором. Заводная головка с защитой. Раскладывающаяся застежка, расстегиваемая одним касанием. Предохранительная защелка на браслете препятствует случайному расстегиванию.', 566.42, 'product_image/Casio_Edifice_EFV-600D-2A.png', 32, 'Edifice', '2023-06-22', 1);
INSERT INTO public.shop_product (id, model, description, price, image, quantity, collection, date, manufacture_id) VALUES (35, 'Casio Edifice EFV-550D-1A', 'Кварцевый хронограф. Водостойкость WR 100. Часы, минуты, секунды, дата, хронограф. Люминесцентные стрелки и метки. Корпус выполнен из нержавеющей стали с частичным IP покрытием. Размеры корпуса 47 мм х 53 мм, толщина 12 мм. Минеральное стекло. Браслет выполнен из нержавеющей стали. Срок службы батареи: 3 года.', 580.59, 'product_image/Casio_Edifice_EFV-550D-1A.png', 14, 'Edifice', '2023-06-22', 1);
INSERT INTO public.shop_product (id, model, description, price, image, quantity, collection, date, manufacture_id) VALUES (36, 'Casio Edifice EFS-S610DB-1A', 'Стильный мужской хронограф Edifice из серии EFS-S610 в стальном корпусе с черным циферблатом и красными акцентами на нем. Текстурный паутинчатый циферблат часов защищает сверхпрочное сапфировое стекло, а благодаря солнечной батарее, вы можете забыть о необходимости замены элемента питания. Модель обладает 30 минутным секундомером и стандартной для эдифайсов водозащитой до 100 метров.', 1083.62, 'product_image/Casio_Edifice_EFS-S610DB-1A.png', 17, 'Edifice', '2023-06-22', 1);
INSERT INTO public.shop_product (id, model, description, price, image, quantity, collection, date, manufacture_id) VALUES (37, 'Tissot Quickster NATO T095.417.17.037.09', 'Уникальность этой модели заключается в простоте ее циферблата и разноцветном безеле, а также в модных ремешках NATO. Ремешок часов легко меняется в зависимости от настроения или выбранной одежды. Дополнительные функции: Секундомер, тахиметр, подсветка стрелок.', 1772.97, 'product_image/Tissot_Quickster_NATO_T095.417.17.037.09.jpg', 8, 'T-Sport', '2023-06-22', 2);
INSERT INTO public.shop_product (id, model, description, price, image, quantity, collection, date, manufacture_id) VALUES (38, 'Tissot T-Touch Expert Titanium T013.420.44.057.00', 'Уникальный современный дизайн очень удачно дополняет черный циферблат. Стрелки этих часов движет надежный электронный, кварцевый механизм, который отличается изумительной точностью. Для изготовления корпуса используется специальный высококачественный материал- титан.', 4693.32, 'product_image/Tissot_T-Touch_Expert_Titanium_T013.420.44.057.00.png', 5, 'T-Touch', '2023-06-22', 2);
INSERT INTO public.shop_product (id, model, description, price, image, quantity, collection, date, manufacture_id) VALUES (39, 'Tissot Luxury Powermatic 80 T086.407.16.057.00', 'Главный секрет этих часов – в новом революционном механизме Powermatic 80 с беспрецедентным уровнем запаса хода, составляющим 80 часов. Высочайшему уровню качества, заданному механизмом, соответствует и дизайн часов, отличающийся изысканностью и истинным классом, перед которым невозможно устоять.', 2991.55, 'product_image/Tissot_Luxury_Powermatic_80_T086.407.16.057.00.png', 6, 'T-Classic', '2023-06-22', 2);
INSERT INTO public.shop_product (id, model, description, price, image, quantity, collection, date, manufacture_id) VALUES (40, 'Orient Sporty FKU00002D0', 'Стильные мужские часы-хронограф с индикатором даты и люминесцентными стрелками. Завинчивающаяся задняя крышка. Браслет с раскладывающейся застежкой.', 654.63, 'product_image/Orient_Sporty_FKU00002D0.png', 26, 'Sporty', '2023-06-22', 3);
INSERT INTO public.shop_product (id, model, description, price, image, quantity, collection, date, manufacture_id) VALUES (41, 'Orient Sporty Quartz FUG1X004B9', 'Стильные мужские часы с люминесцентными стрелками.', 435.71, 'product_image/Orient_Sporty_Quartz_FUG1X004B9.png', 29, 'Sporty Quartz', '2023-06-22', 3);
INSERT INTO public.shop_product (id, model, description, price, image, quantity, collection, date, manufacture_id) VALUES (42, 'Orient Chronograph RA-KV0005B10B', 'Стильные мужские часы с хронографом. Люминесцентные стрелки.', 949.36, 'product_image/Orient_Chronograph_RA-KV0005B10B.png', 24, 'Chronograph', '2023-06-22', 3);
INSERT INTO public.shop_product (id, model, description, price, image, quantity, collection, date, manufacture_id) VALUES (43, 'Certina DS 2 C024.618.11.051.01', 'Этот 43 мм хронограф с кварцевый механизмом высокой точности Precidrive™ и функцией Flyback позволяет запускать, останавливать и сбрасывать время нажатием одной кнопки. Дополнительная стрелка хронографа позволяет одновременно замерять несколько временных промежутков.', 3747.85, 'product_image/Certina_DS_2_C024.618.11.051.01.jpg', 14, 'DS 2', '2023-06-22', 4);
INSERT INTO public.shop_product (id, model, description, price, image, quantity, collection, date, manufacture_id) VALUES (44, 'Certina DS Podium Chronograph C001.647.4', 'В этой модели сочетаются технические инновации и традиции часового мастерства. Сложные функции, такие как, например, дополнительный циферблат, показывающий время с точностью до 1/100 сек., и новейшие материалы в сочетании с ультраточным калибром последнего поколения Precidrive™. Окошко индикации даты в положении "6" часов. Тахиметрическая шкала. Индикатор окончания срока службы элемента питания (EOL). Завинчивающаяся заводная головка с системой защиты. Завинчивающаяся задняя крышка корпуса.', 4073.76, 'product_image/Certina_DS_Podium_Chronograph_1-100_sec_C001.647.4.jpg', 8, 'DS Podium', '2023-06-22', 4);
INSERT INTO public.shop_product (id, model, description, price, image, quantity, collection, date, manufacture_id) VALUES (45, 'Certina DS 1 C006.414.16.031.00', 'Функции: Хронограф, дата, тахиметр. Оформление: Антибликовое покрытие стекла, прозрачная задняя крышка.', 6445.04, 'product_image/Certina_DS_1_C006.414.16.031.00.jpg', 18, 'DS 1', '2023-06-22', 4);
INSERT INTO public.shop_product (id, model, description, price, image, quantity, collection, date, manufacture_id) VALUES (46, 'Hublot Blue Titanium Bracelet 510.NX.7170.NX', 'Fusion – имя говорит само за себя. Эстетика Classic Fusion, наиболее изящной и элегантной из коллекций бренда, вдохновлена первыми часами Hublot начала 1980-х годов. В них пользовались успехом круглый корпус с закрепленным на видимых винтах безелем и характерный каучуковый ремешок. Современные версии Classic Fusion выполнены с использованием прогрессивных материалов, а силуэт этих авангардных по исполнению, но классических по сути часов по-настоящему элегантен. Корпус из сатинированного и полированного титана, сатинированный и полированный титановый безель с 6-тью Н-образными винтами, прозрачная задняя крышка. Синий сатинированный циферблат с узором «солнечные лучи». Браслет из сатинированного и полированного титана с раскладывающейся застежкой. Калибр: HUB1112, запас хода: 42 часа.', 38640.49, 'product_image/Hublot_Blue_Titanium_Bracelet_510.NX.7170.NX.jpg', 4, 'Classic Fusion', '2023-06-22', 5);
INSERT INTO public.shop_product (id, model, description, price, image, quantity, collection, date, manufacture_id) VALUES (47, 'Hublot Black Magic 510.CM.1170.CM', 'Fusion – имя говорит само за себя. Эстетика Classic Fusion, наиболее изящной и элегантной из коллекций бренда, вдохновлена первыми часами Hublot начала 1980-х годов. В них пользовались успехом круглый корпус с закрепленным на видимых винтах безелем и характерный каучуковый ремешок. Современные версии Classic Fusion выполнены с использованием прогрессивных материалов, а силуэт этих авангардных по исполнению, но классических по сути часов по-настоящему элегантен. Корпус из сатинированной черной керамики, вертикально сатинированный керамический безель с 6-тью Н-образными винтами, прозрачная задняя крышка. Матовый черный циферблат, накладные индексы и полированные стрелки с родиевым покрытием. Черный браслет из полированной и сатинированной керамики с раскладывающейся застежкой из нержавеющей стали с черным покрытием. Калибр: HUB1143, запас хода: 42 часа.', 54708.82, 'product_image/Hublot_Black_Magic_510.CM.1170.CM.jpg', 4, 'Classic Fusion', '2023-06-22', 5);
INSERT INTO public.shop_product (id, model, description, price, image, quantity, collection, date, manufacture_id) VALUES (48, 'Hublot Jeans 301.SX.2710.NR.JEANS', 'Хронограф. Запас хода - 42 часа.', 63890.72, 'product_image/Hublot_Jeans_301.SX.2710.NR.JEANS.jpg', 2, 'Big Bang', '2023-06-22', 5);
INSERT INTO public.shop_product (id, model, description, price, image, quantity, collection, date, manufacture_id) VALUES (49, 'Casio Edifice EFR-526L-1A', 'Размеры: 43.8x48.5x11.6 мм. Календарь:  число. Секундомер. Подсветка стрелок.', 512.53, 'product_image/Casio_Edifice_EFR-526L-1A_i0k4ppu.png', 32, 'Edifice', '2023-08-03', 1);
INSERT INTO public.shop_product (id, model, description, price, image, quantity, collection, date, manufacture_id) VALUES (50, 'Casio ProTrek PRG-270-1E', 'Универсальные Pro Trek в темном корпусе — отличный выбор для путешествий и активного образа жизни. Множество функций и подсветка обеспечивают удобство в использовании. Оборудованы солнечной батареей, встроенной в хорошо читаемый дисплей. Для считывания показаний в ночное время предусмотрена подсветка, способная работать в автоматическом режиме (при поднятии руки к лицу), есть индикатор уровня заряда встроенного аккумулятора, обеспечивающего 6-и месячную автономность в отсутствии света. Электронный блок, изготовленный в Японии обеспечивает высокую точность хода.', 1058.48, 'product_image/Casio_ProTrek_PRG-270-1E.jpg', 14, 'ProTrek', '2023-08-03', 1);
INSERT INTO public.shop_product (id, model, description, price, image, quantity, collection, date, manufacture_id) VALUES (51, 'Casio Collection MTP-E600D-1B', 'Мужские японские часы помогут добавить в повседневный образ элегантные и лаконичные нотки.', 264.37, 'product_image/Casio_Collection_MTP-E600D-1B.png', 43, 'Collection', '2023-08-03', 1);
INSERT INTO public.shop_product (id, model, description, price, image, quantity, collection, date, manufacture_id) VALUES (52, 'Casio Collection MTP-B205D-1E', 'Выразите себя просто и смело с часами, которые сочетают аналоговые и цифровые технологии в простом и лаконичном дизайне.', 380.18, 'product_image/Casio_Collection_MTP-B205D-1E.png', 23, 'Collection', '2023-08-03', 1);
INSERT INTO public.shop_product (id, model, description, price, image, quantity, collection, date, manufacture_id) VALUES (53, 'Casio Edifice EFR-539L-7C', 'Мужские японские наручные часы Casio Edifice EFR-539L-7C с хронографом. Кварцевый механизм с высокой точностью. Неоновый дисплей обеспечит длительную подсветку в темное время суток после короткого воздействия света. Стрелки и метки часов покрыты безопасным люменесцентным покрытием. Дисплей даты. Высокая водонепроницаемость 100WR (10 Бар) идеально подходит для плавания с маской и трубкой. Часы - хронограф с двумя независимыми измерительными системами: одна показывает текущее время, другая система фиксирует короткие промежутки времени. Центральная секундная стрелка таких часов обычно используется как секундная стрелка секундомера. Секундомер с высокой точностью до 1/10 секунды, предел измерения времени до 60 минут. Прочное, устойчивое к царапинам, минеральное стекло обеспечит защиту часов от повреждений. Крышка с винтовым фиксатором обеспечит легкий доступ к внутреннему механизму часов. Удобно при замене аккумулятора. Заводная головка с защитой. Корпус часов сделан из прочной нержавеющей стали. Ремешок из высококачественной натуральной кожи. Срок службы 1 аккумулятора 2 года.', 681.28, 'product_image/Casio_Edifice_EFR-539L-7C.png', 23, 'Edifice', '2023-08-03', 1);
INSERT INTO public.shop_product (id, model, description, price, image, quantity, collection, date, manufacture_id) VALUES (54, 'Casio Vintage A500WA-1', 'Наручные часы в универсальном стиле предназначены для мужчин и женщин. Индикация часовых поясов на дисплее. Пластиковый корпус с хромированием и стальной браслет. Многофункциональный кварцевый механизм с цифровой индикацией.', 181.65, 'product_image/Casio_Vintage_A500WA-1.jpg', 45, 'Vintage', '2023-08-03', 1);
INSERT INTO public.shop_product (id, model, description, price, image, quantity, collection, date, manufacture_id) VALUES (55, 'Casio G-Shock GA-B001G-1A', 'Стильные спортивные мужские часы, с отличной водозащитой, в противоударном корпусе. Дополнительные функции присутствующие в часах: функция поиска телефона, 5 ежедневных будильников, мировое время, автоматический календарь, секундомер, таймер, синхронизация со смартфоном при помощи bluetooth.', 677.97, 'product_image/Casio_G-Shock_GA-B001G-1A.png', 12, 'G-Shock', '2023-08-03', 1);
INSERT INTO public.shop_product (id, model, description, price, image, quantity, collection, date, manufacture_id) VALUES (56, 'Casio Edifice ECB-900GL-1A', 'Мужские наручные часы. Функционал: • Bluetooth® Smart. Часы оснащены технологией Bluetooth®, которая предлагает энергосберегающую возможность передачи данных нажатием кнопки. С помощью Bluetooth® вы можете подключить часы к смартфону, не используя провод, и получить доступ к целому ряду полезных функций. • Smartphone time • Сверхмощная полностью автоматическая светодиодная подсветка. При недостаточном освещении поворот Вашей кисти включит яркую цветную подсветку. • Солнечная батарейка. Солнечная подзаряжающаяся батарейка обеспечивает питание часов для работы. • Неоновый дисплей. Светящееся покрытие обеспечивает длительную подсветку в темное время суток после короткого воздействия света. • Функция мирового времени. Отображение текущего времени в основных городах и конкретных областях по всему миру. • Дисплей даты и дня недели. На дисплее отображается текущая дата и день недели. • Функция секундомера - 1/10 сек. - 24 часов. Прошедшее время, время прохождения круга и время окончания измеряются с точностью до десятой доли секунды. Пределы измерения часов составляет 24 часов. • Память на 200 кругов. Измеренное общее время, прошедшее с начала тренировки или гонки, и промежуточное время можно сохранить с указанием даты и отобразить эти данные позже. Набор данных состоит из даты, общего времени, прошедшего с начала тренировки или гонки, и промежуточного времени. В памяти часов можно сохранить 200 записей. • Таймер - 1/10 сек. - 24 часа. Для поклонников точности: таймеры обратного отсчета напомнят Вам о текущих или особенных событиях, издав звуковой сигнал в установленное время. Время можно предварительно настроить от 1 секунды и до 100 часов. Часы могут затем автоматически начать отсчет в обратную сторону в установленное время. Идеальное решение для людей, которым необходимо ежедневно принимать лекарства или выполнять промежуточные упражнения (тренировки). • 5 ежедневных будильников. Будильник напомнит Вам о повторяющихся событиях с помощью звукового сигнала, установленного Вами на определенное время. Вы также можете активировать почасовой сигнал времени, сообщающий о каждом полном часе. Эта модель имеет пять независимых будильников для оповещения о важных встречах. • Функция перемещения стрелок. Нажатие на кнопку обеспечит перемещение стрелок в такое положение, которое позволит Вам легко считать информацию с маленьких цифровых дисплеев – например, дату или показатели секундомера. • Функция поиска телефона. Не помните, куда положили смартфон? При нажатии кнопки на ваших часах смартфон подает звуковой сигнал. • Отображение скорости. Можно рассчитать среднюю скорость пройденного маршрута. Просто введите расстояние на начало и нажмите на секундомер при достижении пункта назначения - будет отображена средняя скорость. • Минеральное стекло. Прочное, устойчивое к царапинам минеральное стекло защищает часы от повреждений. • Прочный корпус из нержавеющей стали. • Водонепроницаемость (10 Бар). Идеально подходит для плавания с маской и трубкой: часы являются водонепроницаемыми до 10 Бар (ISO 2281).', 1025.39, 'product_image/Casio_Edifice_ECB-900GL-1A.png', 13, 'Edifice', '2023-08-03', 1);
INSERT INTO public.shop_product (id, model, description, price, image, quantity, collection, date, manufacture_id) VALUES (57, 'Casio Edifice ECB-30DC-1A', 'Релиз 2022 года из аналого-цифровой серии ECB-30 в стальном корпусе с IP покрытием черного цвета. Модель получила динамичный и стильный циферблат, который сочетает в себе стрелочную индикацию, два цифровых дисплея и яркий ретроградный указатель у отметки шести часов, отображающий режимы, а также участвующий в работе сверхточного секундомера и таймера. Дизайн циферблата пропитан автомобильной тематикой и явно напоминает приборную панель спортивного авто. В начинке модели используется модуль, оснащенный Bluetooth, благодаря чему, часы могут автоматически подключаться к вашему смартфону для синхронизации точного времени, удобной настройки или для быстрого поиска телефона, если он как обычно куда-то пропал (смартфон начнет издавать звуковые сигналы, при нажатии на специальную кнопку на часах). Стоит отдельно отметить наличие в модели водозащиты в 10 бар, функции мирового времени, секундомера и таймера обратного отсчета, пяти ежедневных будильников и ежечасного сигнала, возможность отображения текущего дня недели на русском языке. Все это японские инженеры сумели уместить в корпусе толщиной в 12.9 миллиметров.', 992.30, 'product_image/Casio_Edifice_ECB-30DC-1A.png', 5, 'Edifice', '2023-08-03', 1);


--
-- TOC entry 3488 (class 0 OID 17084)
-- Dependencies: 239
-- Data for Name: users_profile; Type: TABLE DATA; Schema: public; Owner: postgres
--

INSERT INTO public.users_profile (id, image, user_id) VALUES (1, 'profile_pics/Снимок_экрана_2023-07-24_114649.png', 2);


--
-- TOC entry 3495 (class 0 OID 0)
-- Dependencies: 215
-- Name: auth_group_id_seq; Type: SEQUENCE SET; Schema: public; Owner: postgres
--

SELECT pg_catalog.setval('public.auth_group_id_seq', 1, false);


--
-- TOC entry 3496 (class 0 OID 0)
-- Dependencies: 217
-- Name: auth_group_permissions_id_seq; Type: SEQUENCE SET; Schema: public; Owner: postgres
--

SELECT pg_catalog.setval('public.auth_group_permissions_id_seq', 1, false);


--
-- TOC entry 3497 (class 0 OID 0)
-- Dependencies: 213
-- Name: auth_permission_id_seq; Type: SEQUENCE SET; Schema: public; Owner: postgres
--

SELECT pg_catalog.setval('public.auth_permission_id_seq', 48, true);


--
-- TOC entry 3498 (class 0 OID 0)
-- Dependencies: 221
-- Name: auth_user_groups_id_seq; Type: SEQUENCE SET; Schema: public; Owner: postgres
--

SELECT pg_catalog.setval('public.auth_user_groups_id_seq', 1, false);


--
-- TOC entry 3499 (class 0 OID 0)
-- Dependencies: 219
-- Name: auth_user_id_seq; Type: SEQUENCE SET; Schema: public; Owner: postgres
--

SELECT pg_catalog.setval('public.auth_user_id_seq', 2, true);


--
-- TOC entry 3500 (class 0 OID 0)
-- Dependencies: 223
-- Name: auth_user_user_permissions_id_seq; Type: SEQUENCE SET; Schema: public; Owner: postgres
--

SELECT pg_catalog.setval('public.auth_user_user_permissions_id_seq', 1, false);


--
-- TOC entry 3501 (class 0 OID 0)
-- Dependencies: 225
-- Name: django_admin_log_id_seq; Type: SEQUENCE SET; Schema: public; Owner: postgres
--

SELECT pg_catalog.setval('public.django_admin_log_id_seq', 1, false);


--
-- TOC entry 3502 (class 0 OID 0)
-- Dependencies: 211
-- Name: django_content_type_id_seq; Type: SEQUENCE SET; Schema: public; Owner: postgres
--

SELECT pg_catalog.setval('public.django_content_type_id_seq', 12, true);


--
-- TOC entry 3503 (class 0 OID 0)
-- Dependencies: 209
-- Name: django_migrations_id_seq; Type: SEQUENCE SET; Schema: public; Owner: postgres
--

SELECT pg_catalog.setval('public.django_migrations_id_seq', 34, true);


--
-- TOC entry 3504 (class 0 OID 0)
-- Dependencies: 233
-- Name: orders_order_id_seq; Type: SEQUENCE SET; Schema: public; Owner: postgres
--

SELECT pg_catalog.setval('public.orders_order_id_seq', 1, false);


--
-- TOC entry 3505 (class 0 OID 0)
-- Dependencies: 235
-- Name: orders_orderitem_id_seq; Type: SEQUENCE SET; Schema: public; Owner: postgres
--

SELECT pg_catalog.setval('public.orders_orderitem_id_seq', 1, false);


--
-- TOC entry 3506 (class 0 OID 0)
-- Dependencies: 231
-- Name: shop_features_id_seq; Type: SEQUENCE SET; Schema: public; Owner: postgres
--

SELECT pg_catalog.setval('public.shop_features_id_seq', 57, true);


--
-- TOC entry 3507 (class 0 OID 0)
-- Dependencies: 227
-- Name: shop_manufacture_id_seq; Type: SEQUENCE SET; Schema: public; Owner: postgres
--

SELECT pg_catalog.setval('public.shop_manufacture_id_seq', 6, true);


--
-- TOC entry 3508 (class 0 OID 0)
-- Dependencies: 229
-- Name: shop_product_id_seq; Type: SEQUENCE SET; Schema: public; Owner: postgres
--

SELECT pg_catalog.setval('public.shop_product_id_seq', 57, true);


--
-- TOC entry 3509 (class 0 OID 0)
-- Dependencies: 238
-- Name: users_profile_id_seq; Type: SEQUENCE SET; Schema: public; Owner: postgres
--

SELECT pg_catalog.setval('public.users_profile_id_seq', 1, true);


--
-- TOC entry 3253 (class 2606 OID 17006)
-- Name: auth_group auth_group_name_key; Type: CONSTRAINT; Schema: public; Owner: postgres
--

ALTER TABLE ONLY public.auth_group
    ADD CONSTRAINT auth_group_name_key UNIQUE (name);


--
-- TOC entry 3258 (class 2606 OID 16937)
-- Name: auth_group_permissions auth_group_permissions_group_id_permission_id_0cd325b0_uniq; Type: CONSTRAINT; Schema: public; Owner: postgres
--

ALTER TABLE ONLY public.auth_group_permissions
    ADD CONSTRAINT auth_group_permissions_group_id_permission_id_0cd325b0_uniq UNIQUE (group_id, permission_id);


--
-- TOC entry 3261 (class 2606 OID 16906)
-- Name: auth_group_permissions auth_group_permissions_pkey; Type: CONSTRAINT; Schema: public; Owner: postgres
--

ALTER TABLE ONLY public.auth_group_permissions
    ADD CONSTRAINT auth_group_permissions_pkey PRIMARY KEY (id);


--
-- TOC entry 3255 (class 2606 OID 16898)
-- Name: auth_group auth_group_pkey; Type: CONSTRAINT; Schema: public; Owner: postgres
--

ALTER TABLE ONLY public.auth_group
    ADD CONSTRAINT auth_group_pkey PRIMARY KEY (id);


--
-- TOC entry 3248 (class 2606 OID 16928)
-- Name: auth_permission auth_permission_content_type_id_codename_01ab375a_uniq; Type: CONSTRAINT; Schema: public; Owner: postgres
--

ALTER TABLE ONLY public.auth_permission
    ADD CONSTRAINT auth_permission_content_type_id_codename_01ab375a_uniq UNIQUE (content_type_id, codename);


--
-- TOC entry 3250 (class 2606 OID 16892)
-- Name: auth_permission auth_permission_pkey; Type: CONSTRAINT; Schema: public; Owner: postgres
--

ALTER TABLE ONLY public.auth_permission
    ADD CONSTRAINT auth_permission_pkey PRIMARY KEY (id);


--
-- TOC entry 3269 (class 2606 OID 16920)
-- Name: auth_user_groups auth_user_groups_pkey; Type: CONSTRAINT; Schema: public; Owner: postgres
--

ALTER TABLE ONLY public.auth_user_groups
    ADD CONSTRAINT auth_user_groups_pkey PRIMARY KEY (id);


--
-- TOC entry 3272 (class 2606 OID 16952)
-- Name: auth_user_groups auth_user_groups_user_id_group_id_94350c0c_uniq; Type: CONSTRAINT; Schema: public; Owner: postgres
--

ALTER TABLE ONLY public.auth_user_groups
    ADD CONSTRAINT auth_user_groups_user_id_group_id_94350c0c_uniq UNIQUE (user_id, group_id);


--
-- TOC entry 3263 (class 2606 OID 16912)
-- Name: auth_user auth_user_pkey; Type: CONSTRAINT; Schema: public; Owner: postgres
--

ALTER TABLE ONLY public.auth_user
    ADD CONSTRAINT auth_user_pkey PRIMARY KEY (id);


--
-- TOC entry 3275 (class 2606 OID 16926)
-- Name: auth_user_user_permissions auth_user_user_permissions_pkey; Type: CONSTRAINT; Schema: public; Owner: postgres
--

ALTER TABLE ONLY public.auth_user_user_permissions
    ADD CONSTRAINT auth_user_user_permissions_pkey PRIMARY KEY (id);


--
-- TOC entry 3278 (class 2606 OID 16966)
-- Name: auth_user_user_permissions auth_user_user_permissions_user_id_permission_id_14a6b632_uniq; Type: CONSTRAINT; Schema: public; Owner: postgres
--

ALTER TABLE ONLY public.auth_user_user_permissions
    ADD CONSTRAINT auth_user_user_permissions_user_id_permission_id_14a6b632_uniq UNIQUE (user_id, permission_id);


--
-- TOC entry 3266 (class 2606 OID 17001)
-- Name: auth_user auth_user_username_key; Type: CONSTRAINT; Schema: public; Owner: postgres
--

ALTER TABLE ONLY public.auth_user
    ADD CONSTRAINT auth_user_username_key UNIQUE (username);


--
-- TOC entry 3281 (class 2606 OID 16987)
-- Name: django_admin_log django_admin_log_pkey; Type: CONSTRAINT; Schema: public; Owner: postgres
--

ALTER TABLE ONLY public.django_admin_log
    ADD CONSTRAINT django_admin_log_pkey PRIMARY KEY (id);


--
-- TOC entry 3243 (class 2606 OID 16886)
-- Name: django_content_type django_content_type_app_label_model_76bd3d3b_uniq; Type: CONSTRAINT; Schema: public; Owner: postgres
--

ALTER TABLE ONLY public.django_content_type
    ADD CONSTRAINT django_content_type_app_label_model_76bd3d3b_uniq UNIQUE (app_label, model);


--
-- TOC entry 3245 (class 2606 OID 16884)
-- Name: django_content_type django_content_type_pkey; Type: CONSTRAINT; Schema: public; Owner: postgres
--

ALTER TABLE ONLY public.django_content_type
    ADD CONSTRAINT django_content_type_pkey PRIMARY KEY (id);


--
-- TOC entry 3241 (class 2606 OID 16878)
-- Name: django_migrations django_migrations_pkey; Type: CONSTRAINT; Schema: public; Owner: postgres
--

ALTER TABLE ONLY public.django_migrations
    ADD CONSTRAINT django_migrations_pkey PRIMARY KEY (id);


--
-- TOC entry 3299 (class 2606 OID 17080)
-- Name: django_session django_session_pkey; Type: CONSTRAINT; Schema: public; Owner: postgres
--

ALTER TABLE ONLY public.django_session
    ADD CONSTRAINT django_session_pkey PRIMARY KEY (session_key);


--
-- TOC entry 3292 (class 2606 OID 17053)
-- Name: orders_order orders_order_pkey; Type: CONSTRAINT; Schema: public; Owner: postgres
--

ALTER TABLE ONLY public.orders_order
    ADD CONSTRAINT orders_order_pkey PRIMARY KEY (id);


--
-- TOC entry 3295 (class 2606 OID 17060)
-- Name: orders_orderitem orders_orderitem_pkey; Type: CONSTRAINT; Schema: public; Owner: postgres
--

ALTER TABLE ONLY public.orders_orderitem
    ADD CONSTRAINT orders_orderitem_pkey PRIMARY KEY (id);


--
-- TOC entry 3289 (class 2606 OID 17031)
-- Name: shop_features shop_features_pkey; Type: CONSTRAINT; Schema: public; Owner: postgres
--

ALTER TABLE ONLY public.shop_features
    ADD CONSTRAINT shop_features_pkey PRIMARY KEY (id);


--
-- TOC entry 3284 (class 2606 OID 17015)
-- Name: shop_manufacture shop_manufacture_pkey; Type: CONSTRAINT; Schema: public; Owner: postgres
--

ALTER TABLE ONLY public.shop_manufacture
    ADD CONSTRAINT shop_manufacture_pkey PRIMARY KEY (id);


--
-- TOC entry 3287 (class 2606 OID 17023)
-- Name: shop_product shop_product_pkey; Type: CONSTRAINT; Schema: public; Owner: postgres
--

ALTER TABLE ONLY public.shop_product
    ADD CONSTRAINT shop_product_pkey PRIMARY KEY (id);


--
-- TOC entry 3302 (class 2606 OID 17088)
-- Name: users_profile users_profile_pkey; Type: CONSTRAINT; Schema: public; Owner: postgres
--

ALTER TABLE ONLY public.users_profile
    ADD CONSTRAINT users_profile_pkey PRIMARY KEY (id);


--
-- TOC entry 3304 (class 2606 OID 17090)
-- Name: users_profile users_profile_user_id_key; Type: CONSTRAINT; Schema: public; Owner: postgres
--

ALTER TABLE ONLY public.users_profile
    ADD CONSTRAINT users_profile_user_id_key UNIQUE (user_id);


--
-- TOC entry 3251 (class 1259 OID 17007)
-- Name: auth_group_name_a6ea08ec_like; Type: INDEX; Schema: public; Owner: postgres
--

CREATE INDEX auth_group_name_a6ea08ec_like ON public.auth_group USING btree (name varchar_pattern_ops);


--
-- TOC entry 3256 (class 1259 OID 16948)
-- Name: auth_group_permissions_group_id_b120cbf9; Type: INDEX; Schema: public; Owner: postgres
--

CREATE INDEX auth_group_permissions_group_id_b120cbf9 ON public.auth_group_permissions USING btree (group_id);


--
-- TOC entry 3259 (class 1259 OID 16949)
-- Name: auth_group_permissions_permission_id_84c5c92e; Type: INDEX; Schema: public; Owner: postgres
--

CREATE INDEX auth_group_permissions_permission_id_84c5c92e ON public.auth_group_permissions USING btree (permission_id);


--
-- TOC entry 3246 (class 1259 OID 16934)
-- Name: auth_permission_content_type_id_2f476e4b; Type: INDEX; Schema: public; Owner: postgres
--

CREATE INDEX auth_permission_content_type_id_2f476e4b ON public.auth_permission USING btree (content_type_id);


--
-- TOC entry 3267 (class 1259 OID 16964)
-- Name: auth_user_groups_group_id_97559544; Type: INDEX; Schema: public; Owner: postgres
--

CREATE INDEX auth_user_groups_group_id_97559544 ON public.auth_user_groups USING btree (group_id);


--
-- TOC entry 3270 (class 1259 OID 16963)
-- Name: auth_user_groups_user_id_6a12ed8b; Type: INDEX; Schema: public; Owner: postgres
--

CREATE INDEX auth_user_groups_user_id_6a12ed8b ON public.auth_user_groups USING btree (user_id);


--
-- TOC entry 3273 (class 1259 OID 16978)
-- Name: auth_user_user_permissions_permission_id_1fbb5f2c; Type: INDEX; Schema: public; Owner: postgres
--

CREATE INDEX auth_user_user_permissions_permission_id_1fbb5f2c ON public.auth_user_user_permissions USING btree (permission_id);


--
-- TOC entry 3276 (class 1259 OID 16977)
-- Name: auth_user_user_permissions_user_id_a95ead1b; Type: INDEX; Schema: public; Owner: postgres
--

CREATE INDEX auth_user_user_permissions_user_id_a95ead1b ON public.auth_user_user_permissions USING btree (user_id);


--
-- TOC entry 3264 (class 1259 OID 17002)
-- Name: auth_user_username_6821ab7c_like; Type: INDEX; Schema: public; Owner: postgres
--

CREATE INDEX auth_user_username_6821ab7c_like ON public.auth_user USING btree (username varchar_pattern_ops);


--
-- TOC entry 3279 (class 1259 OID 16998)
-- Name: django_admin_log_content_type_id_c4bce8eb; Type: INDEX; Schema: public; Owner: postgres
--

CREATE INDEX django_admin_log_content_type_id_c4bce8eb ON public.django_admin_log USING btree (content_type_id);


--
-- TOC entry 3282 (class 1259 OID 16999)
-- Name: django_admin_log_user_id_c564eba6; Type: INDEX; Schema: public; Owner: postgres
--

CREATE INDEX django_admin_log_user_id_c564eba6 ON public.django_admin_log USING btree (user_id);


--
-- TOC entry 3297 (class 1259 OID 17082)
-- Name: django_session_expire_date_a5c62663; Type: INDEX; Schema: public; Owner: postgres
--

CREATE INDEX django_session_expire_date_a5c62663 ON public.django_session USING btree (expire_date);


--
-- TOC entry 3300 (class 1259 OID 17081)
-- Name: django_session_session_key_c0390e0f_like; Type: INDEX; Schema: public; Owner: postgres
--

CREATE INDEX django_session_session_key_c0390e0f_like ON public.django_session USING btree (session_key varchar_pattern_ops);


--
-- TOC entry 3293 (class 1259 OID 17071)
-- Name: orders_orderitem_order_id_fe61a34d; Type: INDEX; Schema: public; Owner: postgres
--

CREATE INDEX orders_orderitem_order_id_fe61a34d ON public.orders_orderitem USING btree (order_id);


--
-- TOC entry 3296 (class 1259 OID 17072)
-- Name: orders_orderitem_product_id_afe4254a; Type: INDEX; Schema: public; Owner: postgres
--

CREATE INDEX orders_orderitem_product_id_afe4254a ON public.orders_orderitem USING btree (product_id);


--
-- TOC entry 3290 (class 1259 OID 17043)
-- Name: shop_features_product_id_10cf2bd0; Type: INDEX; Schema: public; Owner: postgres
--

CREATE INDEX shop_features_product_id_10cf2bd0 ON public.shop_features USING btree (product_id);


--
-- TOC entry 3285 (class 1259 OID 17037)
-- Name: shop_product_manufacture_id_58b72ca3; Type: INDEX; Schema: public; Owner: postgres
--

CREATE INDEX shop_product_manufacture_id_58b72ca3 ON public.shop_product USING btree (manufacture_id);


--
-- TOC entry 3306 (class 2606 OID 16943)
-- Name: auth_group_permissions auth_group_permissio_permission_id_84c5c92e_fk_auth_perm; Type: FK CONSTRAINT; Schema: public; Owner: postgres
--

ALTER TABLE ONLY public.auth_group_permissions
    ADD CONSTRAINT auth_group_permissio_permission_id_84c5c92e_fk_auth_perm FOREIGN KEY (permission_id) REFERENCES public.auth_permission(id) DEFERRABLE INITIALLY DEFERRED;


--
-- TOC entry 3307 (class 2606 OID 16938)
-- Name: auth_group_permissions auth_group_permissions_group_id_b120cbf9_fk_auth_group_id; Type: FK CONSTRAINT; Schema: public; Owner: postgres
--

ALTER TABLE ONLY public.auth_group_permissions
    ADD CONSTRAINT auth_group_permissions_group_id_b120cbf9_fk_auth_group_id FOREIGN KEY (group_id) REFERENCES public.auth_group(id) DEFERRABLE INITIALLY DEFERRED;


--
-- TOC entry 3305 (class 2606 OID 16929)
-- Name: auth_permission auth_permission_content_type_id_2f476e4b_fk_django_co; Type: FK CONSTRAINT; Schema: public; Owner: postgres
--

ALTER TABLE ONLY public.auth_permission
    ADD CONSTRAINT auth_permission_content_type_id_2f476e4b_fk_django_co FOREIGN KEY (content_type_id) REFERENCES public.django_content_type(id) DEFERRABLE INITIALLY DEFERRED;


--
-- TOC entry 3308 (class 2606 OID 16958)
-- Name: auth_user_groups auth_user_groups_group_id_97559544_fk_auth_group_id; Type: FK CONSTRAINT; Schema: public; Owner: postgres
--

ALTER TABLE ONLY public.auth_user_groups
    ADD CONSTRAINT auth_user_groups_group_id_97559544_fk_auth_group_id FOREIGN KEY (group_id) REFERENCES public.auth_group(id) DEFERRABLE INITIALLY DEFERRED;


--
-- TOC entry 3309 (class 2606 OID 16953)
-- Name: auth_user_groups auth_user_groups_user_id_6a12ed8b_fk_auth_user_id; Type: FK CONSTRAINT; Schema: public; Owner: postgres
--

ALTER TABLE ONLY public.auth_user_groups
    ADD CONSTRAINT auth_user_groups_user_id_6a12ed8b_fk_auth_user_id FOREIGN KEY (user_id) REFERENCES public.auth_user(id) DEFERRABLE INITIALLY DEFERRED;


--
-- TOC entry 3310 (class 2606 OID 16972)
-- Name: auth_user_user_permissions auth_user_user_permi_permission_id_1fbb5f2c_fk_auth_perm; Type: FK CONSTRAINT; Schema: public; Owner: postgres
--

ALTER TABLE ONLY public.auth_user_user_permissions
    ADD CONSTRAINT auth_user_user_permi_permission_id_1fbb5f2c_fk_auth_perm FOREIGN KEY (permission_id) REFERENCES public.auth_permission(id) DEFERRABLE INITIALLY DEFERRED;


--
-- TOC entry 3311 (class 2606 OID 16967)
-- Name: auth_user_user_permissions auth_user_user_permissions_user_id_a95ead1b_fk_auth_user_id; Type: FK CONSTRAINT; Schema: public; Owner: postgres
--

ALTER TABLE ONLY public.auth_user_user_permissions
    ADD CONSTRAINT auth_user_user_permissions_user_id_a95ead1b_fk_auth_user_id FOREIGN KEY (user_id) REFERENCES public.auth_user(id) DEFERRABLE INITIALLY DEFERRED;


--
-- TOC entry 3312 (class 2606 OID 16988)
-- Name: django_admin_log django_admin_log_content_type_id_c4bce8eb_fk_django_co; Type: FK CONSTRAINT; Schema: public; Owner: postgres
--

ALTER TABLE ONLY public.django_admin_log
    ADD CONSTRAINT django_admin_log_content_type_id_c4bce8eb_fk_django_co FOREIGN KEY (content_type_id) REFERENCES public.django_content_type(id) DEFERRABLE INITIALLY DEFERRED;


--
-- TOC entry 3313 (class 2606 OID 16993)
-- Name: django_admin_log django_admin_log_user_id_c564eba6_fk_auth_user_id; Type: FK CONSTRAINT; Schema: public; Owner: postgres
--

ALTER TABLE ONLY public.django_admin_log
    ADD CONSTRAINT django_admin_log_user_id_c564eba6_fk_auth_user_id FOREIGN KEY (user_id) REFERENCES public.auth_user(id) DEFERRABLE INITIALLY DEFERRED;


--
-- TOC entry 3316 (class 2606 OID 17061)
-- Name: orders_orderitem orders_orderitem_order_id_fe61a34d_fk_orders_order_id; Type: FK CONSTRAINT; Schema: public; Owner: postgres
--

ALTER TABLE ONLY public.orders_orderitem
    ADD CONSTRAINT orders_orderitem_order_id_fe61a34d_fk_orders_order_id FOREIGN KEY (order_id) REFERENCES public.orders_order(id) DEFERRABLE INITIALLY DEFERRED;


--
-- TOC entry 3317 (class 2606 OID 17066)
-- Name: orders_orderitem orders_orderitem_product_id_afe4254a_fk_shop_product_id; Type: FK CONSTRAINT; Schema: public; Owner: postgres
--

ALTER TABLE ONLY public.orders_orderitem
    ADD CONSTRAINT orders_orderitem_product_id_afe4254a_fk_shop_product_id FOREIGN KEY (product_id) REFERENCES public.shop_product(id) DEFERRABLE INITIALLY DEFERRED;


--
-- TOC entry 3315 (class 2606 OID 17038)
-- Name: shop_features shop_features_product_id_10cf2bd0_fk_shop_product_id; Type: FK CONSTRAINT; Schema: public; Owner: postgres
--

ALTER TABLE ONLY public.shop_features
    ADD CONSTRAINT shop_features_product_id_10cf2bd0_fk_shop_product_id FOREIGN KEY (product_id) REFERENCES public.shop_product(id) DEFERRABLE INITIALLY DEFERRED;


--
-- TOC entry 3314 (class 2606 OID 17032)
-- Name: shop_product shop_product_manufacture_id_58b72ca3_fk_shop_manufacture_id; Type: FK CONSTRAINT; Schema: public; Owner: postgres
--

ALTER TABLE ONLY public.shop_product
    ADD CONSTRAINT shop_product_manufacture_id_58b72ca3_fk_shop_manufacture_id FOREIGN KEY (manufacture_id) REFERENCES public.shop_manufacture(id) DEFERRABLE INITIALLY DEFERRED;


--
-- TOC entry 3318 (class 2606 OID 17091)
-- Name: users_profile users_profile_user_id_2112e78d_fk_auth_user_id; Type: FK CONSTRAINT; Schema: public; Owner: postgres
--

ALTER TABLE ONLY public.users_profile
    ADD CONSTRAINT users_profile_user_id_2112e78d_fk_auth_user_id FOREIGN KEY (user_id) REFERENCES public.auth_user(id) DEFERRABLE INITIALLY DEFERRED;


--
-- TOC entry 3494 (class 0 OID 0)
-- Dependencies: 4
-- Name: SCHEMA public; Type: ACL; Schema: -; Owner: postgres
--

REVOKE USAGE ON SCHEMA public FROM PUBLIC;
GRANT ALL ON SCHEMA public TO PUBLIC;


-- Completed on 2024-01-16 19:31:22

--
-- PostgreSQL database dump complete
--

